Time,Time Code,Country Name,Country Code,GDP per capita (current US$) [NY.GDP.PCAP.CD],GDP growth (annual %) [NY.GDP.MKTP.KD.ZG],"Inflation, consumer prices (annual %) [FP.CPI.TOTL.ZG]","Agriculture, forestry, and fishing, value added (% of GDP) [NV.AGR.TOTL.ZS]","Foreign direct investment, net inflows (% of GDP) [BX.KLT.DINV.WD.GD.ZS]",Population growth (annual %) [SP.POP.GROW],"Fertility rate, total (births per woman) [SP.DYN.TFRT.IN]",Urban population (% of total population) [SP.URB.TOTL.IN.ZS],"Life expectancy at birth, total (years) [SP.DYN.LE00.IN]",Access to electricity (% of population) [EG.ELC.ACCS.ZS]
2010,YR2010,Angola,AGO,4101.63715564669,5.29366572819954,14.4696564932577,10.0913068589156,-3.37761927935431,3.85109824897149,6.194,60.1310289535053,57.242,35
2010,YR2010,Algeria,DZA,4912.78585503672,4.80000000093564,3.91106195534028,7.53171561491377,1.29390467487817,1.9470588317966,2.875,67.1235057867459,74.144,98.9
2010,YR2010,Benin,BEN,973.244254931526,2.11406472648392,2.20783532536524,25.8411354962681,0.561144747750256,2.98424162798508,5.452,42.8916891239353,58.387,34.2
2010,YR2010,Burkina Faso,BFA,624.957252224766,8.44628157707625,-0.764230734676768,24.1433866229434,0.384492219825665,2.92577947499021,5.936,24.115092498158,56.343,13.1
2010,YR2010,Cabo Verde,CPV,3579.46006137809,1.83641914989978,2.07866470906424,5.82909277007133,6.36802137795552,0.717181999615317,2.329,61.7974262732302,72.507,81.1
2010,YR2010,Cameroon,CMR,1398.58702025047,2.89902472122014,1.27538046242338,17.2697108767217,1.94952386693621,2.85766146651935,5.154,50.8505075371362,56.965,52.8
2010,YR2010,Central African Republic,CAF,476.873786950728,4.63081843223307,1.49102370047802,37.3635795959409,2.8712892233531,-0.799202484181735,5.963,38.6244963104203,46.871,9.8
2010,YR2010,Chad,TCD,1141.80069268412,13.6738272725339,-2.07786574641866,33.2509512944262,2.22641001271938,3.46077094768596,6.99,21.8472378191095,50.107,6.4
2010,YR2010,"Congo, Dem. Rep.",COD,352.400398754692,8.61867717510543,7.10000000000037,28.8558506334207,11.3498081290486,3.18751592835336,6.587,39.391363708294,56.411,13
2010,YR2010,Djibouti,DJI,1213.23352553429,..,3.95007875923886,..,3.23415329697175,2.03332270229716,3.431,70.6486554782903,60.743,57.9
2010,YR2010,Eswatini,SWZ,3922.74039390733,3.82443487429767,4.50923691774369,8.30965206310733,3.11096766561026,0.586161116007687,3.375,22.3330792067471,48.331,45.6
2010,YR2010,Eritrea,ERI,539.699512069686,2.19419034888082,..,..,5.72501513985957,1.96475727107645,4.571,35.6346549987793,63.665,40.1
2010,YR2010,Ghana,GHA,1263.89251760539,7.89971194051621,10.7333898354915,28.0387379636491,7.84948455261709,2.43301424000427,4.181,50.7296926788704,61.297,64.2
2010,YR2010,Kenya,KEN,1091.51873101194,8.05847360290906,3.96138889115385,17.5677598863696,0.392164287395035,2.90158845467743,4.446,31.8713287706458,60.915,19.2
2010,YR2010,Liberia,LBR,492.252808033724,6.09982524004147,7.28992796890218,35.9187137137137,103.337387099033,2.89605811562763,5.058,48.1407517057907,59.358,5.3
2010,YR2010,Morocco,MAR,3067.9853515625,3.49955709403216,0.993557401226392,11.9620812709231,1.2299824583835,1.35274286216317,2.629,58.3287516486646,70.821,95.7
2010,YR2010,Niger,NER,474.425692340831,8.57816674262253,0.804073080882659,35.8213879566765,10.146689915564,3.72535077368531,7.64,16.2416301279116,57.08,13.6
2010,YR2010,Rwanda,RWA,586.599950359877,7.33465645016436,-0.246128693436934,23.4080982541515,3.57208683219563,2.52365134392041,4.522,16.9255580310614,62.804,9.7
2010,YR2010,Sierra Leone,SLE,685.039673490948,6.35566595800495,7.18566275668163,30.542621858137,5.59265918271249,2.72150859888002,5.327,38.6417328938613,51.927,11.5
2010,YR2010,South Sudan,SSD,1498.27034985194,5.49341639529945,1.16962180301108,5.29379348275505,..,5.29254618151503,5.318,17.535620199576,57.485,1.5
2010,YR2010,Tanzania,TZA,736.530151367188,6.33652342666889,6.20015595647403,25.582406886144,5.66396796617806,2.54448522649017,5.225,28.1968953939105,61.127,14.8
2010,YR2010,Zambia,ZMB,1451.10616017155,10.2982233241213,8.50176133365265,9.42094610981773,8.53319643791576,3.46192274224024,5.359,39.9558857709992,56.896,22
2010,YR2010,Zimbabwe,ZWE,902.010759067388,19.6754077019323,3.02267002518892,9.60967815567222,1.01750672670554,1.61334322032425,4.04,32.7284525810054,51.925,38.9
2010,YR2010,Uganda,UGA,823.488144282,5.63761163749757,3.97655288478168,32.8680090776536,2.03900471067451,2.9438913354304,6.019,18.7990645544572,59.959,12.1
2010,YR2010,Togo,TGO,750.323421086121,5.85433399076879,1.44594517430864,21.077801220787,2.63493273204289,3.12855507905751,5.087324,37.5545882975638,57.24,30.8
2010,YR2010,Sudan,SDN,1305.63598632813,3.85824195230107,12.9776663898014,30.6000000071348,3.50004539535845,2.41578933319134,5.141,32.7174026591513,62.979,36
2010,YR2010,South Africa,ZAF,7973.47195771517,3.03973288127956,4.06749555950263,2.10778749314158,0.884904611686012,1.1829095702162,2.445,62.6299120560569,58.886,82.8
2010,YR2010,Seychelles,SYC,10934.79494629,4.50513204312067,-2.40463875108227,2.23545934618328,16.2787980957365,2.79232906929128,2.13,42.660307244583,73.1975609756098,97
2010,YR2010,Senegal,SEN,1275.88357492357,3.39088925336209,1.22868119673344,15.945261535619,1.68778336701059,2.38690195279185,5.055,43.6371785059692,64.221,56.5
2010,YR2010,Sao Tome and Principe,STP,1045.20958234528,1.44845522890635,13.34005235378,11.6318930270323,26.6286088078235,2.1960816383463,4.769,66.0572200728291,63.867,61.4
2010,YR2010,Nigeria,NGA,2202.25672957344,8.00565591623166,13.7400521363694,23.8937040912791,1.64207369186652,2.795149361277,5.948,51.6778188255446,51.315,48
2010,YR2010,Namibia,NAM,5418.21633365814,6.03924947955858,4.8749198764395,8.45536944089181,2.51525326747705,1.54841464345813,3.657,41.7946176561991,56.093,44.4
2010,YR2010,Mozambique,MOZ,496.185839392659,6.67972935662864,12.4255421735156,27.3093770922399,11.0275561357338,2.67685903538336,5.66,30.9861779822921,55.04,18.9
2010,YR2010,Mauritius,MUS,8113.17670740212,4.39672657214976,2.93236301369857,3.59110980182453,4.23808594970717,0.237886692890185,1.57,40.3046131827718,72.9673170731707,99.4
2010,YR2010,Mali,MLI,797.151541141189,5.57678859793515,1.10892690670186,25.9857196705545,2.92612695497784,3.2485140091385,6.579,23.1359461824894,55.993,27
2010,YR2010,Madagascar,MDG,450.009391645726,0.619239744622121,9.24732173644116,29.0780963483597,9.13867133828111,2.90919662127516,4.896,27.8651684949103,62.597,12.3
2010,YR2010,Libya,LBY,11600.9068649472,5.0272476723775,2.79989500109265,1.79953001101668,2.36664960687642,2.0390577056462,2.603,88.1177139282227,72.196,81.9
2010,YR2010,Lesotho,LSO,1119.47557793042,5.26967078056286,-2.40524254598706,4.86217527655246,0.425490583298807,0.772821659424366,3.25,27.4004815007995,46.045,17
2010,YR2010,Guinea,GIN,659.235326211315,4.81336016967553,15.0502688559001,17.4849504866218,..,2.45929310036327,5.435,33.8075426880206,56.431,28.1
2010,YR2010,"Gambia, The",GMB,801.033372714536,5.90833580968288,5.04968075857402,35.1932434877047,2.40659689644853,2.90737929979677,5.558,56.0110896605662,61.167,46.8
2010,YR2010,Ethiopia,ETH,330.619412798644,12.5505383347633,8.14926402965082,41.4468200699758,0.963030625359937,2.83517457968806,5.282,17.4937839508057,59.709,25.5
2010,YR2010,"Egypt, Arab Rep.",EGY,2455.08194645282,5.14723485746742,11.2651882653185,13.3407591579645,2.91601657550141,1.91795124102801,3.296,42.9057175520154,69.078,99.4
2010,YR2010,Cote d'Ivoire,CIV,1553.54887048143,6.84804939907013,1.2264561213548,17.4889170707842,1.02606239201511,2.20359114199838,5.292,47.2374301523201,55.282,58.4
2010,YR2010,"Congo, Rep.",COG,2946.55798067708,9.93126543095578,0.391525011227612,4.03853452122591,11.5772952217296,4.14243050486562,4.851,62.3922871058739,61.731,40
2010,YR2010,Comoros,COM,1386.57533553376,3.77776673684423,3.35475770328919,30.4159781880526,0.919669135138355,1.98790768401212,4.755,28.8540982913801,62.747,69.7
2010,YR2010,Burundi,BDI,216.727705301976,5.09373697323055,6.49326591473993,38.4305452876335,0.0384119130803941,4.68101057302388,6.26,10.9843097335487,57.088,5.3
2010,YR2010,Botswana,BWA,6215.73216077919,10.119723322694,6.94887658743103,2.0910409188325,1.7280613479871,2.10943597528371,3.135,63.4945974665277,59.137,52
2010,YR2010,Guinea-Bissau,GNB,600.194298540768,5.60536311358261,2.51785140171701,37.9530889182683,2.79117647230681,2.58492032110101,5.111,40.0095596313477,56.999,6
2010,YR2010,Malawi,MWI,683.124694716799,6.87406585416142,7.41159092883827,24.6321400620979,0.957814621345542,2.94779608735928,5.263,15.4776969380518,57.787,8.7
2010,YR2010,Mauritania,MRT,1659.96369705455,2.62022952055378,6.28354087427704,16.7330487035243,2.31890567703789,3.19159403639576,5.384,45.9541923109942,65.661,34.2
2010,YR2010,"Somalia, Fed. Rep.",SOM,219.202453852397,6.69435192550543,..,..,4.16696585149836,2.48169887268086,7.322,38.5735080618592,48.9,52.3
2010,YR2010,Tunisia,TUN,4291.86120891575,2.97113275066512,3.33897963601069,6.846146170059,2.88814231758981,1.07673286637757,2.075,66.6280059814453,74.438,99.5
2010,YR2010,Equatorial Guinea,GNQ,13720.1658723222,-8.92417588851806,7.78916547991184,1.06137128570531,16.7581567258275,4.59586770504622,5.209,53.1218806529176,58.344,66.1
2010,YR2010,Gabon,GAB,8356.74662013345,7.08988731455126,1.46154402720469,3.91445441728357,3.64540417621404,3.44994267851283,4.153,86.1852592472945,64.715,89.3
2011,YR2011,Angola,AGO,5184.15269151846,3.59386960240222,13.4824679218511,9.55630602212879,-2.40838836781619,3.8879459971363,6.12,60.8431610396073,58.093,34.6
2011,YR2011,Algeria,DZA,5916.31364364343,2.99999999941909,4.5242115050527,7.08352512171367,1.17767329101171,1.9568943735315,2.899,67.7344007507578,74.383,99
2011,YR2011,Benin,BEN,1059.41358852588,2.96375291904201,2.7042390774728,25.7970008253273,1.50844050539908,2.97782202797765,5.436,43.4616136137276,58.462,36.9
2011,YR2011,Burkina Faso,BFA,725.024767725475,6.62256261306693,2.75976724854534,23.043650452489,1.19074493368624,2.95657078370668,5.869,24.4682976845657,57.001,14.8
2011,YR2011,Cabo Verde,CPV,4002.01386888785,3.92471821338283,4.47388342165023,5.39925327001121,4.99538224029443,0.325685661710053,2.329,62.7419929036884,72.913,82.3
2011,YR2011,Cameroon,CMR,1513.96056994878,3.37921128506045,2.93969946305091,16.6973907363193,2.13270391251932,2.82842297078772,5.052,51.2229843034125,57.482,53.7
2011,YR2011,Central African Republic,CAF,534.057281471636,4.19461533741989,1.1944757244985,37.5690227836114,1.5138934301082,1.59035970102042,6.009,38.8030669465007,50.107,10.4
2011,YR2011,Chad,TCD,1308.1421872538,4.49542967058827,2.0292405367826,27.1563338879622,1.68950609671276,3.53020185416521,6.948,21.9558736797638,50.426,9
2011,YR2011,"Congo, Dem. Rep.",COD,372.514273875789,-0.403164081254445,15.316515913949,15.741544467002,6.04729215599495,3.28016564590395,6.582,39.7849692825859,56.911,13.7
2011,YR2011,Djibouti,DJI,1306.34552844977,..,5.0687139477798,..,6.37538483893525,1.94884944824561,3.341,70.6776532458676,61.337,58.1
2011,YR2011,Eswatini,SWZ,4225.06049411911,1.83973625916165,6.10742714590251,7.97421442671441,2.08998856482498,0.554659161024556,3.317,22.4634753665393,49.057,51.2
2011,YR2011,Eritrea,ERI,688.68165957684,8.67980010138049,..,..,1.8886183675912,1.79351881087532,4.486,35.6706275939941,64.231,41.2
2011,YR2011,Ghana,GHA,1507.43573198753,14.0471235803149,8.7284593709302,23.663704967184,8.2558797134245,2.40497145453178,4.177,51.3304086646488,61.617,64.1
2011,YR2011,Kenya,KEN,1096.14499807675,5.1211061197056,14.0224913014704,18.8947112249953,3.09471103381268,2.75013743696978,4.284,31.8673949025409,61.283,36.2
2011,YR2011,Liberia,LBR,568.087865520004,8.20076822497064,8.488167518494,35.9187155963303,86.9894467611897,3.92046987945605,4.97,48.6583302770849,59.486,4.1
2011,YR2011,Morocco,MAR,3301.98876953125,5.52464523319847,0.9069249096918,12.0819026098454,2.29046840496639,1.36305168989377,2.595,58.902576690412,71.263,96.1
2011,YR2011,Niger,NER,510.75956176268,2.35775693603874,2.9423851401332,33.6467642815211,12.1645061403035,3.72138303234104,7.592,16.2303066053496,57.6,14.3
2011,YR2011,Rwanda,RWA,643.356138618166,7.95838869909085,3.0801706924026,22.9164629891831,1.64828569312654,2.45262873450153,4.332,16.9323586881273,63.476,10.8
2011,YR2011,Sierra Leone,SLE,761.146365577281,8.10065518714917,6.79138291952621,31.5846615609542,19.5505875068329,2.60978263924562,5.209,39.0472153491602,52.594,14.2
2011,YR2011,South Sudan,SSD,1448.98435006408,-4.64031673600859,46.8521757193597,4.67693681681883,..,5.41366403885379,5.193,17.7817678106789,57.674,2.8
2011,YR2011,Tanzania,TZA,775.392761230469,7.67215543486064,12.6909694699162,24.9768644460885,3.54720849735785,2.79985031213535,5.141,28.865726405543,61.618,14.2
2011,YR2011,Zambia,ZMB,1624.86817763443,5.56925219263019,6.4293968107234,9.64805782176724,4.72516156867912,3.32527568350911,5.256,40.3684491825881,57.843,28.3
2011,YR2011,Zimbabwe,ZWE,1037.77565157218,14.1939156801139,3.4661297281749,8.66645403643065,2.44028634205117,1.7726514046574,4.126,32.7567295776968,53.911,36.9
2011,YR2011,Uganda,UGA,835.620060555838,9.3916554927176,16.5643496174515,28.9692474777902,3.2086060344385,2.93194913680129,5.885,20.0561028736631,60.791,14.6
2011,YR2011,Togo,TGO,834.14671980279,5.82325622135289,3.5635147290396,19.8649717432319,13.4388023170829,2.72570995210441,4.984234,37.9872305648732,57.624,39.7
2011,YR2011,Sudan,SDN,1332.6572265625,-3.21353209253371,18.0966171221351,30.599999994069,3.15234852962884,2.0304098222439,5.087,32.9059760141986,63.181,38.3
2011,YR2011,South Africa,ZAF,8646.05571071635,3.16855627858818,5.0008533879502,2.04389308620297,0.903381424332556,1.23631458705301,2.436,62.850627754452,60.602,83.6
2011,YR2011,Seychelles,SYC,12110.0937461973,9.5097833517957,2.55926772230953,2.19346218388635,13.5270690867223,-2.62865635521684,2.3,42.6739844860866,72.7243902439024,98.1
2011,YR2011,Senegal,SEN,1374.67591873844,1.33409107961258,3.40322829786971,12.9470610352017,1.90106996405963,2.52791519909846,5.099,44.0689668509475,64.799,56.5
2011,YR2011,Sao Tome and Principe,STP,1219.80189089671,1.99943210333259,14.3271667616801,12.3319074378557,14.1981181119688,2.09396113456698,4.718,66.7275977610702,64.122,62.6
2011,YR2011,Nigeria,NGA,2418.41316975875,5.30792420293915,10.8261371880018,22.2347109931956,2.133117701613,2.80278519998649,5.893,52.490352424079,51.49,55.9
2011,YR2011,Namibia,NAM,5834.7917675794,5.09133813864338,5.005595180812,8.11362720295374,6.41681322346953,1.71587072736176,3.658,42.6276075621535,56.647,42.3
2011,YR2011,Mozambique,MOZ,618.17649286789,7.13405842300445,11.1666056127874,26.4848729989708,25.0623636819297,2.78615253564474,5.599,31.2062230032794,55.733,20.2
2011,YR2011,Mauritius,MUS,9324.24232310496,4.14555262561014,6.52249254869341,3.65312332199749,3.71075064331171,0.160140420765724,1.55,40.1665923228716,73.2668292682927,99.6
2011,YR2011,Mali,MLI,938.292902579598,2.93537897118415,2.95564395229392,27.5615497300786,3.60372353520623,3.23250831038309,6.545,23.6379674039304,56.367,28.8
2011,YR2011,Madagascar,MDG,506.163691559309,1.57842705366555,9.48254048582992,29.0502057606452,7.05979214971634,2.83965714379658,4.737,28.1336807024963,62.86,14.3
2011,YR2011,Libya,LBY,7593.8391525702,-50.3385151384986,15.5184815317562,3.05766833710666,..,-2.4085814162192,2.646,88.0970458984375,69.95,80.3
2011,YR2011,Lesotho,LSO,1280.73390931581,4.61641394528752,5.0366305210156,4.54395157549887,2.37160157638289,0.885634151913232,3.343,28.6150355175921,46.93,22.5
2011,YR2011,Guinea,GIN,636.694958747648,5.61211177430975,21.3169268542577,16.0697496615218,14.0905035719922,2.47697352651722,5.337,34.0732054685603,56.778,29.5
2011,YR2011,"Gambia, The",GMB,710.608411468152,-8.13044422315659,4.7958826618311,27.202420609824,2.55921826982754,2.92337692748517,5.542,56.6696692994225,61.561,48.3
2011,YR2011,Ethiopia,ETH,343.024942351887,11.1782962297008,33.2499598823344,41.2499638574537,1.96735663905254,2.84354457485296,5.08,17.863790512085,60.595,23
2011,YR2011,"Egypt, Arab Rep.",EGY,2590.64384891965,1.76457194806041,10.0649259874818,13.8691050980964,-0.204542848807527,2.1044607622412,3.311,42.8634168470177,69.232,99.4
2011,YR2011,Cote d'Ivoire,CIV,1596.62826565998,-5.37044724000579,4.9124339505245,18.4866714886447,0.822954277239134,2.17265768049368,5.244,47.6797551269623,55.972,55.8
2011,YR2011,"Congo, Rep.",COG,3396.16505817952,2.20591936286718,1.75958704273803,3.98393619152519,1.90783479461617,3.25058981932031,4.826,62.5597508130231,62.286,40.8
2011,YR2011,Comoros,COM,1531.43969320468,4.14350668765977,1.8426630075619,30.5642731101881,2.25967388807613,1.99871797531046,4.722,29.1136750253686,63.105,69.3
2011,YR2011,Burundi,BDI,230.069761381132,4.02442793864228,9.5921660597967,36.7043515146528,0.150057243665302,3.57769854786004,6.108,11.5616652230006,57.804,6.2
2011,YR2011,Botswana,BWA,7287.38295334919,6.83841052493574,8.45987233408583,2.11892300680962,1.94040749024403,1.96877479635498,3.103,64.0187810722889,59.715,53.2
2011,YR2011,Guinea-Bissau,GNB,719.539573498937,8.08504167173554,5.046102263202,37.5633896672074,2.16270009395862,2.62922766462762,5.067,40.4391136169434,57.663,13.5
2011,YR2011,Malawi,MWI,763.061000394572,4.93266999813729,7.6228226284852,23.9314133083531,6.97752227761724,2.91504427220952,5.083,15.5523153908723,58.859,7.6
2011,YR2011,Mauritania,MRT,1931.19975525465,4.17278328304418,5.68631959575954,14.5158947387598,8.70335489423716,3.24512473547367,5.38,47.1350407023691,65.754,35.3
2011,YR2011,"Somalia, Fed. Rep.",SOM,235.325945610434,6.69435192567755,..,..,3.50997923598382,0.707617147612372,7.268,39.380318284448,32.453,52
2011,YR2011,Tunisia,TUN,4420.64772206537,-2.04663389535644,3.24002842009531,7.57684450427472,0.899077534980039,1.10896127086771,2.189,66.9191886197857,74.471,99.5
2011,YR2011,Equatorial Guinea,GNQ,17198.2136668275,6.52392362989873,4.805389221557,1.05350238777482,9.24740468952516,4.34060206449919,5.126,55.9743349096911,58.827,66.1
2011,YR2011,Gabon,GAB,10219.1139339454,7.09175334258654,1.26331707837421,3.43228977977158,6.16978545780463,3.54739719912158,4.151,86.5665383650315,65.102,88.7
2012,YR2012,Angola,AGO,5702.45306277434,8.50312283866612,10.2779049218839,9.69697932366603,-1.02012839058611,3.88358355528674,6.039,61.5114223949332,58.916,37.3
2012,YR2012,Algeria,DZA,6033.64884689543,2.40000000034432,8.89145091062317,8.02697167412095,0.660551953898791,1.99280790148967,2.996,68.3421258553675,74.609,98.8
2012,YR2012,Benin,BEN,1071.5258366283,4.811223315688,6.74468253340712,25.7689758312295,2.52705777310103,2.96766540040992,5.429,44.0475065829838,58.559,38.4
2012,YR2012,Burkina Faso,BFA,731.470138867833,6.45267237953146,3.8181524025238,23.7560050181575,2.62145990530181,3.0171707485343,5.793,24.8001912059054,57.457,15.1
2012,YR2012,Cabo Verde,CPV,3736.81517011087,1.08364848376166,2.54039644167109,5.79088758494564,6.69129799994045,0.0992767342106355,2.153,63.7260454520996,73.315,83.2
2012,YR2012,Cameroon,CMR,1449.09874362279,4.62597872209571,2.73529677529539,16.6572401682217,1.7488404761216,2.8130471843416,4.982,51.5887119982861,58.17,55.2
2012,YR2012,Central African Republic,CAF,544.395849142785,5.05376125356918,5.47829594346117,36.8141664735428,2.79010478789883,0.998867377606297,6.047,39.0301696038517,51.336,11
2012,YR2012,Chad,TCD,1354.34344701937,9.06180392253447,7.51662364663833,27.0843972280265,3.24047414068829,3.51265481153462,6.905,22.1061904148178,50.765,7.8
2012,YR2012,"Congo, Dem. Rep.",COD,409.931424783784,8.66859360586926,9.72182806273364,15.3232580698254,9.62926566877035,3.33860489598034,6.559,40.1770385579151,57.35,15.4
2012,YR2012,Djibouti,DJI,1400.19357858954,..,3.73120950756887,..,8.1261509172004,1.8993890613377,3.255,70.7266311335377,61.719,54.6
2012,YR2012,Eswatini,SWZ,4224.54789174487,4.09048190124592,8.93964682788212,8.44107107954548,0.557730516305156,0.537986822820009,3.266,22.6237715926065,50.714,54.3
2012,YR2012,Eritrea,ERI,..,..,..,..,..,1.27590736754429,4.407,35.6824264526367,64.697,42.3
2012,YR2012,Ghana,GHA,1543.77524235764,9.2927894063005,11.1863409441067,22.1311546901572,7.98251565917851,2.4199090803465,4.154,51.9197918381031,61.995,56.5
2012,YR2012,Kenya,KEN,1285.00536171512,4.56867961444982,9.37777003547598,18.8297259329446,2.44725940988928,2.6080744180495,4.116,31.8558130142761,61.537,38.1
2012,YR2012,Liberia,LBR,638.368751462083,7.99381444555367,6.83178703418548,35.918715839654,82.7471577822006,3.53448694358844,4.881,49.1773247639526,59.785,9.3
2012,YR2012,Morocco,MAR,3164.17724609375,3.06234368502997,1.28712240079219,11.3297511522793,2.65758712641507,1.3359712863904,2.543,59.4348555979895,71.674,96.4
2012,YR2012,Niger,NER,528.510104469655,10.5489445763446,0.455089820359289,33.6809938208632,8.92367913404553,3.77324639644684,7.527,16.2141284004355,57.987,14.4
2012,YR2012,Rwanda,RWA,697.760143509565,8.64150815708138,10.2710182318876,23.7888658574855,3.56791329338291,2.39380128171382,4.201,16.9410248882148,64.189,17.5
2012,YR2012,Sierra Leone,SLE,937.504428180231,10.578331663387,6.58776239392585,30.6570937162864,11.7630516727995,2.53259491687101,5.064,39.4644094876975,53.159,17.2
2012,YR2012,South Sudan,SSD,1109.26050083408,-46.0821223743007,45.5258978371706,6.17613217428162,1.34937246395858,4.44972889782953,5.061,18.0321885447664,58.241,3.3
2012,YR2012,Tanzania,TZA,861.969909667969,4.50015356010131,16.0010938506338,26.5509265207861,4.53878496380622,2.8799437394168,5.137,29.4878764597911,62.286,15.3
2012,YR2012,Zambia,ZMB,1710.05061343728,7.59738104901994,6.57589970757698,9.32163953570601,6.78938124085044,3.24260026203654,5.136,40.7698556821596,58.704,29.2
2012,YR2012,Zimbabwe,ZWE,1239.22709745709,16.6654290410337,3.72532666110646,8.04450024819692,2.04309866557655,1.62306467591426,4.134,32.7931752128328,55.386,44
2012,YR2012,Uganda,UGA,795.222867553127,3.83745560605229,12.6790377224659,27.177257747558,4.41438584859015,2.90422608403173,5.729,21.372369321253,61.579,20.5
2012,YR2012,Togo,TGO,813.611525037432,6.30271426865185,2.57718174055848,20.975947911624,2.24458540176674,2.32840848204104,4.853789,38.4194359598204,57.953,39.1
2012,YR2012,Sudan,SDN,1019.22210693359,-17.0046884048945,35.5590574147024,30.5999999961027,6.14212434699966,2.14168968629865,5.031,33.1425561614901,63.427,40.7
2012,YR2012,South Africa,ZAF,8076.97678479741,2.39623238465745,5.73797139141739,1.97670959546361,1.06492249485696,1.47479434391075,2.447,62.9616560303263,61.737,85.2
2012,YR2012,Seychelles,SYC,12337.1554669388,3.1106784939243,7.11037062326403,1.99985279931942,56.2882654419862,0.980980190128322,2.32,42.7261758463169,74.2756097560976,98.3
2012,YR2012,Senegal,SEN,1326.83798848379,4.00299555090457,1.41822871177854,14.0976923523704,1.56368019565039,2.67702425205872,5.129,44.5359772452989,65.229,56.5
2012,YR2012,Sao Tome and Principe,STP,1210.7926479817,2.94294277416023,10.6379353431628,12.8657292793474,9.79700698442145,2.02092788368455,4.664,67.0335889448132,64.505,57.9
2012,YR2012,Nigeria,NGA,2633.19734671361,4.23006117492493,12.2242413020582,21.8599586165277,1.52378233769127,2.77422930277333,5.797,53.302114902293,51.688,53
2012,YR2012,Namibia,NAM,5942.64680978673,5.0616820696264,6.72199777334886,8.05447519990682,7.98613044962652,2.22673258326321,3.676,43.3804079185694,57.733,46.4
2012,YR2012,Mozambique,MOZ,685.685748199513,7.9945031610722,2.60245456956618,25.5177066547282,33.767102801243,2.87101074780924,5.518,31.4315251735105,56.46,21.2
2012,YR2012,Mauritius,MUS,9421.52514098225,3.51062090167264,3.85216033315983,3.6066947724863,4.97804411127418,0.277321025514609,1.56,40.0369511615085,73.8634146341464,99.4
2012,YR2012,Mali,MLI,872.506092463946,-1.07239924147837,5.32312847064058,30.7772665368303,2.6890124945952,2.91998728475051,6.523,24.1606168848588,56.696,25.6
2012,YR2012,Madagascar,MDG,493.511162904211,3.01114811621208,5.71384434191053,28.0006123574142,7.03680533355538,2.76626312576328,4.613,28.3988032871081,63.007,18.7
2012,YR2012,Libya,LBY,14975.8902795144,86.8267484395784,6.05980392156855,1.81559365235981,1.53985903839829,-2.61743182302169,2.68,88.0727920532227,72.188,78.7
2012,YR2012,Lesotho,LSO,1217.93071228944,6.33408374679448,6.05143662139967,4.89530867188129,2.28650169667391,1.00510607755205,3.296,29.8970340055453,48.235,20.6
2012,YR2012,Guinea,GIN,699.353377212197,5.91528626133322,15.2262941038638,16.8316746641336,7.92820721970247,2.45416156342286,5.232,34.3313936933767,57.117,26.2
2012,YR2012,"Gambia, The",GMB,692.579361628102,5.24156924630741,4.25432199813899,27.393571461515,2.91048196914862,2.94591935774346,5.519,57.3207304207091,61.9,49.9
2012,YR2012,Ethiopia,ETH,452.101031885754,8.64781163513926,23.600417677317,44.3309427521463,0.643172898229037,2.80390393439601,4.887,18.2061367034912,61.443,29
2012,YR2012,"Egypt, Arab Rep.",EGY,2996.0677072015,2.22619979818487,7.11172943343083,11.2727652713919,1.00234071774049,2.24475795490011,3.4,42.8118514138525,69.464,99.7
2012,YR2012,Cote d'Ivoire,CIV,1546.9460184731,7.62041176451649,1.30451119915606,16.3751498758861,0.909737108884904,2.08872019159152,5.19,48.1242507553354,56.57,55.8
2012,YR2012,"Congo, Rep.",COG,3732.32737320389,9.94715314257564,5.01018773134471,3.79877492298434,-0.391399397519283,2.79640825415116,4.785,62.7187169094345,62.662,41.6
2012,YR2012,Comoros,COM,1490.31425650871,3.1684098843342,6.31474450315177,30.1730899304755,1.02133877132035,2.01149862727803,4.652,29.397950693899,63.463,69.3
2012,YR2012,Burundi,BDI,231.098787811507,4.42303118490126,18.1610453065451,35.5104159871754,0.0259911934949934,3.56852147814432,5.991,12.2244596804615,58.501,6.5
2012,YR2012,Botswana,BWA,6595.53845015424,-0.170857099335691,7.53690261091916,2.3148110827158,1.05040106491218,1.67774021157009,3.07,64.3993247826904,60.384,56
2012,YR2012,Guinea-Bissau,GNB,635.461653303881,-1.71286958446419,2.13054580274503,38.08528951059,0.631297914892102,2.65952739224803,5.003,40.8686027526855,58.27,14.9
2012,YR2012,Malawi,MWI,558.46208832772,1.90000000072909,21.2712650013779,23.5292854390256,-0.101285426070357,2.87064589887138,4.902,15.6253133040464,59.87,7.4
2012,YR2012,Mauritania,MRT,1859.11733247641,4.47001318233693,4.90242727217997,16.0859607599369,20.6013054045892,3.26413503920642,5.352,48.2732447351525,65.808,36.4
2012,YR2012,"Somalia, Fed. Rep.",SOM,350.261946720512,6.69435192556698,..,..,2.45906325256211,0.905528519522503,7.211,40.2722730087349,49.138,51.8
2012,YR2012,Tunisia,TUN,4297.26782454273,4.21667711535632,4.6118443220664,8.30025725587419,3.28518933963283,1.12911133130148,2.277,67.2098922729492,74.599,99.5
2012,YR2012,Equatorial Guinea,GNQ,17308.5723924575,8.31287184445641,3.65662048278806,1.05565709179581,4.4007560526439,4.07484554769573,5.04,59.0106940671203,59.301,65.7
2012,YR2012,Gabon,GAB,9296.96587941088,5.25107691750407,2.65241828695626,3.35369777676334,3.94472371225415,3.57746904510728,4.086,86.8838635787001,65.438,89.3
2013,YR2013,Angola,AGO,5688.57916213471,4.88306129688392,8.77781429332624,10.3295507034721,-4.78350487026264,3.84998068971631,5.953,62.1333075212361,59.705,38.4
2013,YR2013,Algeria,DZA,5979.60138960585,2.60000000061164,3.25423910998847,9.12007464194984,0.736559065111634,2.01953115835273,2.997,68.9463836079277,74.809,99.2
2013,YR2013,Benin,BEN,1168.92699279226,7.19143372144946,0.428888888888884,25.2754046390823,2.87863747120321,2.94885160135819,5.41,44.6502883669319,58.863,34.7
2013,YR2013,Burkina Faso,BFA,759.762065168498,5.79258484509867,0.533738507090536,23.6410927919708,3.64766773141753,3.00083639274971,5.697,25.106116148748,57.903,15.4
2013,YR2013,Cabo Verde,CPV,3960.97596791345,0.632136727385131,1.50654285701407,5.82359125603063,4.40125011545419,0.052725108136232,2.067,64.7486207521826,73.481,84.3
2013,YR2013,Cameroon,CMR,1575.92882118897,4.99552916130783,2.05034718001741,16.7236611922507,1.62296806273401,2.80909371019789,4.905,51.9475591877024,58.73,56.3
2013,YR2013,Central African Republic,CAF,364.36696260838,-36.3919770983887,6.98879341970198,32.2589062460725,0.109532467338194,0.682377856508138,6.075,39.3042963482777,49.487,11.5
2013,YR2013,Chad,TCD,1304.88742971475,2.83821524730293,0.222671564624551,31.7128603274934,2.91179134022524,3.5694788341769,6.839,22.2975929852391,51.051,8.1
2013,YR2013,"Congo, Dem. Rep.",COD,460.370334930107,17.5159124688348,0.808223101487111,13.6738761208634,4.86537109127196,3.40170849300578,6.527,40.5675263197158,57.795,15.2
2013,YR2013,Djibouti,DJI,2075.94498424748,..,2.70603242872186,1.19392304728354,13.9893763417185,1.85261177020025,3.187,70.7969331287484,62.116,58.6
2013,YR2013,Eswatini,SWZ,3949.94310039907,4.09458522119226,5.62130623468948,8.37545690425617,1.83246466722921,0.54369252057836,3.237,22.8121644356992,52.11,57.5
2013,YR2013,Eritrea,ERI,..,..,..,..,..,1.22305147270022,4.335,35.6713333129883,65.005,43.5
2013,YR2013,Ghana,GHA,2294.79584693743,7.31252501678145,11.6661923071729,20.3698425406713,5.13479660884921,2.40927930949909,4.114,52.4985794475913,62.397,70.7
2013,YR2013,Kenya,KEN,1370.87885214659,3.7978483925754,5.71749357037733,18.6165515854622,1.81417037253291,2.47210752389349,3.955,31.8324454433988,61.729,40.1
2013,YR2013,Liberia,LBR,710.744570927863,8.68728781639683,7.577306817414,35.9187140392662,62.9068538615833,2.19827693086756,4.749,49.6977986242077,59.992,9.8
2013,YR2013,Morocco,MAR,3379.7431640625,4.12221286860944,1.88065466724086,12.3583661932506,2.9038626404404,1.28781015302784,2.478,59.9083499302469,72.117,97.2
2013,YR2013,Niger,NER,552.103334363117,5.31513063394726,2.29723114955317,32.2350107295479,7.03516563238375,3.75837207594511,7.445,16.2162595696064,58.364,15.2
2013,YR2013,Rwanda,RWA,695.397140963607,4.71984856950924,5.92426867984854,23.8917103230198,3.03027485323662,2.40340085493768,4.136,17.0742206053612,64.651,15.2
2013,YR2013,Sierra Leone,SLE,1117.47183075115,14.6633238075229,5.52412877994266,30.1232322468759,5.72675143806855,2.45725730456865,4.873,39.8916422780075,54.051,13.5
2013,YR2013,South Sudan,SSD,1650.18943353528,13.1297311406943,-0.0580909784225664,9.635809346303,-4.30359174766787,3.74120236356755,4.939,18.2868996493633,58.285,3.8
2013,YR2013,Tanzania,TZA,963.05712890625,6.78158560065316,7.87072364573959,26.7908679172376,4.57242839319348,3.01455736724095,5.156,30.0725108782502,62.788,16.4
2013,YR2013,Zambia,ZMB,1820.71854827391,5.05753695047252,6.97767605490307,8.22652318427817,7.48932505567266,3.20268845716982,5.014,41.1682266235825,59.445,30.1
2013,YR2013,Zimbabwe,ZWE,1362.99498323368,1.98948554025198,1.63495041543822,7.14500739499758,1.95306467023546,1.40792169753746,4.111,32.9019343169941,56.842,40.6
2013,YR2013,Uganda,UGA,818.285427416713,3.58690582623025,4.90520875694557,26.0303237402959,3.79031709675384,2.86955163863091,5.563,22.7367659239271,62.353,13.9
2013,YR2013,Togo,TGO,885.698522723929,5.82425069283059,1.82539475909162,19.1395466909651,3.04894540679557,2.15773898903495,4.753612,38.8516767884103,58.356,41
2013,YR2013,Sudan,SDN,1138.62780761719,1.95514463302422,36.5223449139154,30.6000000025472,3.92312074519106,2.30951835174238,4.965,33.4264777958103,63.443,43.1
2013,YR2013,South Africa,ZAF,7331.65467384919,2.48546800826588,5.78016910069176,1.92684924597199,2.05358095229684,1.65265199501405,2.428,63.0524024097034,62.388,85.2
2013,YR2013,Seychelles,SYC,14821.2921476077,1.25373496242949,4.33893848329099,2.71276034719474,4.29723724959436,1.84687609296508,2.21,42.815069634181,73.119512195122,98
2013,YR2013,Senegal,SEN,1379.83196553924,2.41238527605579,0.710245486695176,13.7248803755401,1.64581763022307,2.96345954605318,5.049,45.0398750539456,65.638,57
2013,YR2013,Sao Tome and Principe,STP,1382.5757842916,5.11967735428513,8.10583270875476,13.4069603438231,4.55447319839345,1.93896614465408,4.584,67.1306686401367,64.93,65
2013,YR2013,Nigeria,NGA,2872.79083379398,6.67133539308232,8.49551838265678,20.7586228322439,1.06953936497778,2.71468991073627,5.694,54.1130855192568,51.827,55.6
2013,YR2013,Namibia,NAM,5346.62131149967,5.61471962254485,5.60092502290401,7.82146490072164,6.45232765797467,2.60198589808047,3.653,44.1106769079132,58.468,47.4
2013,YR2013,Mozambique,MOZ,686.505672517351,6.57141389665537,4.26135250941963,24.2529090836336,38.9428653441902,2.89055494992619,5.43,31.6619153976179,57.189,22.4
2013,YR2013,Mauritius,MUS,9877.13865958834,3.39755085220649,3.54329573934839,3.29265321839171,2.35929777878695,0.242165626741126,1.45,39.9108848558771,74.0170731707317,99.4
2013,YR2013,Mali,MLI,901.920957649814,3.29068742053545,-0.606736356351563,28.4968116057941,1.95552894418838,2.92078257453733,6.491,24.7033626854883,57.052,32.4
2013,YR2013,Madagascar,MDG,515.301589361832,2.30037622800727,5.8264294445198,26.4930339794941,4.55464531104897,2.71964840033078,4.527,28.6604637105393,63.161,12.9
2013,YR2013,Libya,LBY,11951.7134126011,-17.9979615745681,2.60581802719517,2.41548515289585,0.931638601844643,2.00744391901146,2.716,88.0451431274414,72.339,77.1
2013,YR2013,Lesotho,LSO,1151.03735837227,1.79252555575545,4.86511899496385,5.06436346227762,2.13033827559342,1.08291299578498,3.283,31.2407460933407,49.547,26.9
2013,YR2013,Guinea,GIN,748.455020824734,3.94568708624053,11.8875884481828,17.5452728357444,0.00226821971801587,2.44471498509098,5.151,34.5812741977122,57.459,32.2
2013,YR2013,"Gambia, The",GMB,653.862713272743,2.872768790327,5.69912989637382,26.2221225134284,4.96800325180048,2.92894143394412,5.392,57.970305611505,62.252,51.5
2013,YR2013,Ethiopia,ETH,484.039833104062,10.5822700502552,7.46402192944517,41.2395055340925,2.82040845857162,2.71847231803133,4.708,18.615514755249,62.161,30.8
2013,YR2013,"Egypt, Arab Rep.",EGY,3025.52563552448,2.18546605363386,9.46971981064921,11.2743496022361,1.45343420769727,2.30526364315625,3.49,42.7514277188751,69.632,99.9
2013,YR2013,Cote d'Ivoire,CIV,1786.15862031324,10.7602131311256,2.58117037252936,15.3429019354945,0.953203642314205,1.99427988380631,5.135,48.5702332186208,57.057,61.5
2013,YR2013,"Congo, Rep.",COG,3697.41705884249,-0.712434451876447,4.63161619729461,4.26008218811564,10.4621010083708,2.43092781986762,4.731,62.8682817180686,62.969,42.5
2013,YR2013,Comoros,COM,1603.32653496691,4.46624729869704,-4.29487331536756,30.7898620674783,0.37910342236625,2.11384957294193,4.572,29.7043482521482,63.839,69.4
2013,YR2013,Burundi,BDI,234.844770150871,4.92392485117456,7.93795807492418,38.3671182602277,4.7612156740524,3.59186709345175,5.889,12.9670962745892,59.179,6.9
2013,YR2013,Botswana,BWA,6666.91219583487,11.1029068737822,5.88460707056817,1.99354322327234,0.470417841005353,1.50921875015756,3.045,64.7579735458393,61.217,58
2013,YR2013,Guinea-Bissau,GNB,654.304534409417,3.25607190852087,1.20712555668405,38.6615813465664,1.76984840814073,2.66229101877146,4.93,41.2976379394531,58.879,16.3
2013,YR2013,Malawi,MWI,496.947368267313,5.41034999817167,27.2833333333334,23.8492870296807,5.61985138978348,2.83808966369485,4.759,15.6966173464742,60.816,9
2013,YR2013,Mauritania,MRT,1936.26950446101,4.15081318627171,4.12910173783393,16.2826011052317,15.5726715114413,3.135806545909,5.317,49.3553973225913,65.89,37.6
2013,YR2013,"Somalia, Fed. Rep.",SOM,393.398703952979,10.9592986164311,..,..,5.09591217775954,3.22508679396084,7.14,41.2593474250273,54.016,51.5
2013,YR2013,Tunisia,TUN,4369.79345826358,2.42993096446429,5.31623531326689,7.96930864809374,2.1744128074392,1.18925109300243,2.31,67.4999542236328,74.674,99.7
2013,YR2013,Equatorial Guinea,GNQ,16304.0713196418,-4.13319850131583,2.94887694639662,1.19199068015273,2.65594378481707,3.99605995538999,4.952,62.2120073583984,59.784,65.9
2013,YR2013,Gabon,GAB,9197.70106323947,5.63869900338696,0.505441058915615,3.32908065074657,1.84153865698512,3.52009296367142,4.019,87.1482480671637,65.751,86.4
2014,YR2014,Angola,AGO,5649.68762467535,4.65572356315585,7.28038730361121,11.4782158930435,2.3835242701895,3.73272806660513,5.864,62.723115793241,60.396,32
2014,YR2014,Algeria,DZA,6094.69392314956,4.09999999866501,2.91692692067458,9.40707440856373,0.628688968391006,2.03786524232338,3.084,69.5468765157615,74.992,99.3
2014,YR2014,Benin,BEN,1204.39918670094,6.35767909791932,-0.548757550948181,25.6184529738008,3.054209933397,2.9550187594558,5.374,45.2880529235999,59.008,34.1
2014,YR2014,Burkina Faso,BFA,764.861675106225,4.32684561452976,-0.258089517535291,23.6937727725999,2.56255154786841,2.9733794200807,5.595,25.3814155996643,58.331,19.2
2014,YR2014,Cabo Verde,CPV,3985.60706548134,0.696666840118581,-0.238778144990624,5.73506923863287,8.84407322092194,0.0197159536864678,2.031,65.8085112712742,73.788,85.3
2014,YR2014,Cameroon,CMR,1649.4433905949,5.71981814509198,1.85489850366777,16.8258381780095,1.99484327731063,3.02592195035823,4.844,52.2993944376709,59.13,56.8
2014,YR2014,Central African Republic,CAF,409.8504859647,0.0810705153264877,14.898684179755,33.9856217226143,0.18339589636816,-0.415235398986532,6.099,39.6226521868738,40.265,12
2014,YR2014,Chad,TCD,1278.78981422494,2.06283074361411,1.6819731392567,31.1688076695246,-3.72317778039931,3.56998697827762,6.781,22.5294513486009,51.141,8.4
2014,YR2014,"Congo, Dem. Rep.",COD,489.175952097319,7.30227750870263,1.24303889760803,12.488689362081,3.90992337722209,3.39069033335839,6.483,40.9563873534225,58.236,13.5
2014,YR2014,Djibouti,DJI,2214.62084142432,7.19298728463697,1.34186494340162,1.22411023326762,6.88983261287099,1.80056496059208,3.116,70.8899032189478,62.427,58.9
2014,YR2014,Eswatini,SWZ,3771.07228381938,2.05738179246586,5.68134885776447,8.20388205629893,0.601685882709023,0.556770676458685,3.181,23.026850446568,53.491,65
2014,YR2014,Eritrea,ERI,..,..,..,..,..,0.674705166672434,4.273,35.639720916748,65.517,44.6
2014,YR2014,Ghana,GHA,1949.90832923846,2.85624016330883,15.4896160333318,19.5837731324669,6.15120635162518,2.36498553072391,4.029,53.0663398797148,62.832,78.3
2014,YR2014,Kenya,KEN,1482.81566253497,5.02011100232484,6.87815499275949,18.3478393393556,1.20220842439576,2.33901192230694,3.843,31.7931545274563,61.99,36
2014,YR2014,Liberia,LBR,706.714490064507,0.701393100287518,9.86111285574904,35.9187165881502,15.558740639735,2.08217532534285,4.622,50.2198153156642,59.21,9.4
2014,YR2014,Morocco,MAR,3435.40698242188,2.7192440802029,0.442310053557048,10.3531465249527,2.95925435484489,1.22723874148544,2.425,60.3030486171654,72.522,97.3
2014,YR2014,Niger,NER,565.30989731175,6.64213665495603,-0.930287259984466,33.4290442343639,7.57591181433667,3.6892808045974,7.342,16.2450424611665,58.693,15.7
2014,YR2014,Rwanda,RWA,715.36808783393,5.66845354233575,2.35449052820358,23.6787751489992,3.86221109540585,2.41721473954366,4.117,17.5020716539756,65.088,19.8
2014,YR2014,Sierra Leone,SLE,1117.7586465721,-7.81501512457241,4.63931171409667,31.9043952976079,4.88007878489104,2.38905832119365,4.703,40.3272406886245,54.281,18.8
2014,YR2014,South Sudan,SSD,1242.73450181032,3.37364847715736,1.6742990629552,7.59650844428456,0.00741877910985015,0.614232824755906,4.818,18.5459183719929,45.625,4.3
2014,YR2014,Tanzania,TZA,1022.74841308594,6.73246186832483,6.13161432988012,25.8025774475571,2.8329281892962,3.08040316049107,5.122,30.6443077170742,63.364,23.5
2014,YR2014,Zambia,ZMB,1707.48573136694,4.69328316376705,7.80687553566333,6.77959785217865,5.55542791808588,3.17220342906789,4.89,41.5634741658525,60.109,27.9
2014,YR2014,Zimbabwe,ZWE,1372.91526173161,2.37698561663417,-0.19778481012661,8.74496936761426,2.42393171156853,1.37169405347957,4.011,33.1628075970801,58.106,32.3
2014,YR2014,Uganda,UGA,896.054795546394,5.10630732539796,3.07570668958641,24.8199759353437,3.24589612959273,2.95144499872136,5.408,24.1938503391826,63.057,20.4
2014,YR2014,Togo,TGO,921.539748631461,5.63323739145223,0.19087507624975,19.3388381580273,0.844950465027458,2.02090495483301,4.701602,39.2839506458368,58.776,45.7
2014,YR2014,Sudan,SDN,1275.43835449219,4.66137954229873,36.9066427863595,31.9000000019741,2.52698516017578,2.70863780408064,4.912,33.7624582408117,63.99,44.9
2014,YR2014,South Africa,ZAF,6856.73137092522,1.41382645223793,6.13282953059149,2.12574854869936,1.51932743753979,1.66144540694123,2.424,63.1352327065742,63.184,85.9
2014,YR2014,Seychelles,SYC,15188.1902175113,4.0636918123521,1.38583454581263,2.33075493440682,7.80896304548278,1.55539570911507,2.19,42.9386256186342,73.2292682926829,100
2014,YR2014,Senegal,SEN,1398.89137601382,6.22407443790986,-1.09025507446895,13.3687650760268,2.03613121185767,3.16757470346908,4.884,45.6020905341588,66.001,61
2014,YR2014,Sao Tome and Principe,STP,1489.67633417608,4.90621048664867,6.99849943966421,13.2795768636645,9.03727468460171,1.85635532189371,4.485,67.2606735229492,65.478,68.6
2014,YR2014,Nigeria,NGA,3088.72131316169,6.30971865521856,8.04741087967907,19.9902547680805,0.817478467870197,2.64221399374699,5.622,54.9232435340404,51.94,54.2
2014,YR2014,Namibia,NAM,5378.32326241205,6.09251915977956,5.35016966859602,8.13893575439091,3.58316691192793,2.61288080068243,3.635,44.8214248210559,59.311,48.4
2014,YR2014,Mozambique,MOZ,697.142680444123,7.70256844839309,2.55974875844295,24.6554671607897,27.8047100445849,2.89895498583923,5.304,31.8972245802342,57.965,24.8
2014,YR2014,Mauritius,MUS,10490.3315563853,3.85773905280689,3.21769191994684,3.15422608043165,3.44327494440095,0.181022097854624,1.44,39.7887571971735,74.1943902439024,99.5
2014,YR2014,Mali,MLI,947.915033293219,6.50263878386326,0.883814547137841,29.3244531264164,0.844265987939144,3.16065691731413,6.441,25.2656728660325,57.482,34.2
2014,YR2014,Madagascar,MDG,505.684922503435,3.33920311195367,6.08040811088302,25.8453829296172,2.97751123297568,2.68077948175383,4.421,28.9185894345838,63.261,23
2014,YR2014,Libya,LBY,8926.42074591474,-23.0428058282215,2.43294141599233,3.51667860719144,..,1.92631083217923,2.754,88.0142059326172,71.3,75.5
2014,YR2014,Lesotho,LSO,1173.5377928819,1.71054990545476,5.37028961008587,3.9607145663379,3.86963158626918,1.14032275206417,3.239,32.6404409096604,50.786,27.8
2014,YR2014,Guinea,GIN,765.146999389279,3.69655311664086,6.1505055670642,17.5238169176245,-0.840221306496811,2.48019346390261,5.07,34.8177920826682,57.581,33.5
2014,YR2014,"Gambia, The",GMB,568.00453558864,-1.40738249510954,5.94799935696626,22.4588391707898,1.8718835765044,2.84475839442236,5.197,58.6141799655551,62.576,53
2014,YR2014,Ethiopia,ETH,549.986577082588,10.2574929627477,6.89001951597192,38.5204496889284,3.33569111068815,2.68299781796922,4.605,19.0262870788574,62.927,27.2
2014,YR2014,"Egypt, Arab Rep.",EGY,3133.39102265541,2.91591188052836,10.0702154687481,11.3377089201878,1.50925042253521,2.27643956620182,3.49,42.6825522284408,69.911,99.8
2014,YR2014,Cote d'Ivoire,CIV,1991.36539423404,9.37199994240375,0.448682076766141,15.2417555256185,0.899528920528967,2.42493545476417,5.071,49.0173144557368,57.772,61.9
2014,YR2014,"Congo, Rep.",COG,3601.2365808718,6.64606540928447,0.912139545450097,4.55765474287642,16.1339951694307,2.41608932821437,4.665,63.0075415618859,63.349,43.4
2014,YR2014,Comoros,COM,1615.71709756316,2.10665760321017,7.54755379096711,30.0114530891401,0.407499074429688,2.17541496047092,4.489,30.0302906552932,64.143,71.8
2014,YR2014,Burundi,BDI,250.544492155185,4.24490803087248,4.40535234185293,34.9578238431604,3.38973967159169,3.39447686677984,5.794,13.7839781740413,59.764,7
2014,YR2014,Botswana,BWA,7122.36423421503,5.69714422072884,4.40225309243427,1.81959835253259,3.33019730942426,1.45441898422222,3.027,65.0965122400825,62.167,60
2014,YR2014,Guinea-Bissau,GNB,652.022501029449,0.964525745841428,-1.50924460570494,34.8258068713683,2.54152912247103,2.62731155689981,4.79,41.7271995544434,59.476,17.2
2014,YR2014,Malawi,MWI,529.5133440206,5.62527000105139,23.7920649469687,23.8734416539637,6.79541385727369,2.80479012384928,4.569,15.766154187056,61.651,11.9
2014,YR2014,Mauritania,MRT,1718.97089374709,4.27482327130284,3.53436856147324,18.8142560652114,7.59717456790627,3.01218949095495,5.261,50.4694791226856,66.207,38.8
2014,YR2014,"Somalia, Fed. Rep.",SOM,429.431656725102,8.97800590574617,..,..,4.55624629490798,3.58614089585868,7.061,42.3515167236328,54.442,51.4
2014,YR2014,Tunisia,TUN,4458.97895464547,3.09032803070775,4.62555099534031,8.57165956609159,2.03842746868013,1.18603354474404,2.316,67.7524643379101,74.784,99.8
2014,YR2014,Equatorial Guinea,GNQ,15548.6624656619,0.415066301596866,4.30999866149107,1.29424877164029,0.771291915530887,3.90501924555756,4.863,65.5593240167184,60.228,66
2014,YR2014,Gabon,GAB,9201.36276648105,4.31496444107469,4.69045751826284,3.62120476996243,6.93864724297156,3.35844001734251,3.953,87.6236017962969,66.07,87.1
2015,YR2015,Angola,AGO,3641.72893920253,0.763177710914789,9.35597215533784,13.663772327968,9.7795154502365,3.60507162233632,5.774,63.51567832685,61.042,42
2015,YR2015,Algeria,DZA,4685.05902729002,3.20000000089023,4.78444700693889,10.5327896965018,-0.286832290676438,2.05624795728459,3.091,70.1433070861612,75.159,99.4
2015,YR2015,Benin,BEN,1002.41886879614,1.77815106030278,0.218785923536245,26.3920850925037,1.31501182124746,2.95391627666724,5.32,45.9407403257663,59.123,29.6
2015,YR2015,Burkina Faso,BFA,630.124750752312,3.9212287937935,0.724838981070517,22.6464984902029,1.95992715697747,2.96196306547686,5.478,25.621432645225,58.778,16.2
2015,YR2015,Cabo Verde,CPV,3415.06266730931,0.936026507808833,0.131187999024545,6.4082863760272,5.49024513305668,0.0132719182020122,1.968,66.9045094767116,74.096,86.4
2015,YR2015,Cameroon,CMR,1415.00009710569,5.66695298703932,2.676235314199,17.2094159041593,2.15564021048479,3.13934346036401,4.841,52.6440863142742,59.687,58.6
2015,YR2015,Central African Republic,CAF,366.322853938121,4.33712103020231,1.40297017136816,31.5273810283745,0.176904971713319,0.132677645471712,6.126,39.9824421267351,51.934,12.7
2015,YR2015,Chad,TCD,993.990730610869,3.30415979779805,4.37712665065654,33.6210255108379,3.84380092336452,3.18336105662872,6.706,22.8011258828974,51.32,7.7
2015,YR2015,"Congo, Dem. Rep.",COD,495.826633014883,6.35973756164829,0.74419899478147,12.456053797914,2.90127515060918,3.3022434270539,6.437,41.3435764444694,58.658,16.6
2015,YR2015,Djibouti,DJI,2376.12554719873,7.30898563450799,-0.522166521445793,1.05900752644099,5.93271216592944,1.73961273409176,3.041,71.0068853915837,62.833,59.1
2015,YR2015,Eswatini,SWZ,3419.82276559528,1.70425806017289,4.95124493704919,7.37857520050359,0.805945191942897,0.57162769864017,3.122,23.2660261759632,54.941,64.1
2015,YR2015,Eritrea,ERI,..,..,..,..,..,0.334574415524454,4.217,35.591007232666,65.909,45.8
2015,YR2015,Ghana,GHA,1722.77282833606,2.12075933817334,17.1499695007878,19.9826505985758,6.45737614178894,2.30712733064921,3.982,53.6226415210752,63.175,74
2015,YR2015,Kenya,KEN,1489.11959777284,4.96772112759767,6.58215429284779,19.4696147780528,0.883799936312692,2.2270329432256,3.766,31.7338026039958,62.279,41.6
2015,YR2015,Liberia,LBR,692.590082351257,-0.0185649695590939,7.74869687621322,35.9187142712518,7.21023781604438,2.06297096669961,4.523,50.7434382961363,59.248,15.2
2015,YR2015,Morocco,MAR,3146.24780273438,4.34458297635238,1.5579071134626,11.7961931846113,2.94611108390154,1.17075639938741,2.406,60.6417124737154,72.894,97.3
2015,YR2015,Niger,NER,485.662574175279,4.39264883207291,-0.576090369833189,32.4169952714448,5.46761764113716,3.69640590007582,7.215,16.3035606587493,58.85,16.6
2015,YR2015,Rwanda,RWA,725.691418696952,8.87036752872743,2.52850284192421,23.1107918816185,1.91881841411753,2.39322566941773,4.108,18.1953149858416,65.419,22.8
2015,YR2015,Sierra Leone,SLE,964.575980888989,-4.36333262093788,6.68943562498681,34.3025554909897,3.71866092366771,2.31819402812025,4.548,40.7669565187099,55.454,19.7
2015,YR2015,South Sudan,SSD,1080.14718624765,-10.7933646271143,52.7663304192143,10.3550274477245,0.0012502291294692,-1.14143555707987,4.695,18.8092619601773,39.757,4.8
2015,YR2015,Tanzania,TZA,939.127319335938,6.16062877406682,5.58816952959298,26.745885729563,3.17633492826527,3.26181042317192,5.025,31.2061566592472,63.928,26.2
2015,YR2015,Zambia,ZMB,1295.87788680068,2.92037511217961,10.1105928909618,4.98083656431146,7.44741668984243,3.12013727876838,4.775,41.9555104679652,60.728,31.1
2015,YR2015,Zimbabwe,ZWE,1387.12632595026,1.77985356392176,-2.43096842383404,8.28483096141089,1.99867322543902,1.3399592762046,3.911,33.5612641766874,58.989,33.7
2015,YR2015,Uganda,UGA,862.934610355811,5.18785986002466,5.58968606251725,23.4723696930371,2.27760507458345,3.07329293941893,5.251,24.9777856560427,63.831,18.5
2015,YR2015,Togo,TGO,813.894676975085,5.4680413807304,2.58500390801595,18.9218601496344,4.48026975109969,1.91106686899123,4.661566,39.7162551272934,59.23,44.7
2015,YR2015,Sudan,SDN,1292.37963867188,1.91017689052751,16.9095706050977,31.3999999994923,3.34135261447755,3.04689971719172,4.898,34.0914394628597,64.375,48
2015,YR2015,South Africa,ZAF,6112.27382485974,1.32186223678229,4.51869094892506,2.23397839045912,0.438735792056356,2.00988840160514,2.359,63.2096349937231,64.053,85.3
2015,YR2015,Seychelles,SYC,15333.1051727105,8.9140088750469,4.04194410725617,2.05307446564115,7.39272196242003,2.22979505321923,2.26,43.094803568632,74.2951219512195,100
2015,YR2015,Senegal,SEN,1218.00613555438,6.36704365066983,0.135211933635165,14.2825767344045,2.30194934655844,3.07014792428801,4.751,46.2747669629858,66.451,60.5
2015,YR2015,Sao Tome and Principe,STP,1298.10946596396,1.5397042826735,5.24587835022454,14.1348690685509,10.7400374911446,1.77510214302047,4.354,67.3915710449219,66.023,67.3
2015,YR2015,Nigeria,NGA,2585.73360671797,2.65269329541779,9.00943498007706,20.6318934800012,0.621501637000126,2.53617348598208,5.503,55.7325682057138,51.939,52.5
2015,YR2015,Namibia,NAM,4774.10650865775,4.26417453763675,3.39401538410559,6.65042679589334,7.40068055968424,2.65295870908636,3.604,45.5103554445325,60.008,51.6
2015,YR2015,Mozambique,MOZ,610.563774706589,7.3930936986377,3.55075967356746,23.5663164946958,23.8654900431928,2.90106067133475,5.245,32.1372836259918,58.711,24
2015,YR2015,Mauritius,MUS,9630.5437837507,3.71766362108832,1.28654970760232,3.03283321645437,1.77973545308924,0.132404330287967,1.37,39.6709610617726,74.3531707317073,99.6
2015,YR2015,Mali,MLI,838.11986940103,6.23887890181064,1.45069057605961,30.525122276133,1.7680955706499,3.1289280097663,6.385,25.847015486705,57.852,37.6
2015,YR2015,Madagascar,MDG,445.320069480568,3.13229807490305,7.40419174202129,25.7433543337656,2.89727727453157,2.63948434650119,4.335,29.1731079210354,63.362,23.8
2015,YR2015,Libya,LBY,7458.48917756374,-0.842656252118843,10.4022933588151,4.3862973349324,..,1.61383897825773,2.711,87.8159103393555,71.644,73.8
2015,YR2015,Lesotho,LSO,1121.19851342518,3.12406678044546,3.21844513655931,3.78190344669127,4.79809498524625,1.17199706979444,3.217,34.0903875831861,51.83,31.8
2015,YR2015,Guinea,GIN,747.356966759448,3.82591056949435,11.7800825029834,18.478241904135,0.605767981893699,2.53151277572433,5.002,35.0373191833496,57.899,34.9
2015,YR2015,"Gambia, The",GMB,619.536364296461,4.0580738039996,6.8084549457961,22.2088860199147,5.22255647330922,2.73428839872651,5.003,59.2458499408388,62.971,54.7
2015,YR2015,Ethiopia,ETH,597.912113218663,10.3924630141307,9.56889955968623,36.0569753905786,4.22926466080082,2.68480186138776,4.529,19.451566696167,63.592,29
2015,YR2015,"Egypt, Arab Rep.",EGY,3306.98159414141,4.37201907781687,10.370490343517,11.3940627685257,2.10258128401326,2.09892554805563,3.5,42.6056314089048,70.135,99.3
2015,YR2015,Cote d'Ivoire,CIV,1814.71855088017,7.19494942728191,1.25149954781468,18.3620416868752,1.07914154751206,2.88906178023194,4.97,49.4694894689553,58.281,62.6
2015,YR2015,"Congo, Rep.",COG,2439.35189403696,0.415193061293763,3.16909796750829,5.81058893116428,34.4182561027248,2.41638740919909,4.607,63.135592763847,63.662,44.3
2015,YR2015,Comoros,COM,1329.37048235986,1.14735632260047,-0.11717388419007,30.5986282117727,0.511029838634196,2.11093338446849,4.42,30.3732008585112,64.473,74.1
2015,YR2015,Burundi,BDI,254.402585226788,-0.404525595204191,5.54468891259779,35.2477391830275,0.264702987630016,2.26851729292704,5.695,14.6695085474754,60.107,7.9
2015,YR2015,Botswana,BWA,6141.20394726616,-4.85132507409779,3.06203169580558,1.94776486758829,2.79773267452093,1.42753223737773,3.008,65.4103584313295,63.215,62.1
2015,YR2015,Guinea-Bissau,GNB,645.066837207039,6.1340893623123,1.47672048910485,35.1577785508063,1.61191900956541,2.57045957815277,4.661,42.1568145751953,60.071,20.1
2015,YR2015,Malawi,MWI,539.605363240686,2.80000000003355,21.8673475542553,22.9948363698368,3.12107477506801,2.75359183453625,4.384,15.8338504946918,62.324,10.8
2015,YR2015,Mauritania,MRT,1558.84205473416,5.37633923694936,3.25472688117631,20.6295456111909,8.11553090859633,3.00605924056849,5.211,51.6680350049622,66.498,39.5
2015,YR2015,"Somalia, Fed. Rep.",SOM,445.583080073396,10.4621881235147,..,..,4.92510820324606,3.44441462928404,6.975,43.8618107408479,55.056,51.2
2015,YR2015,Tunisia,TUN,4014.94773686432,0.967834205635981,4.437371273215,9.20589918732503,2.11999260597179,1.12871973379756,2.306,67.8807907104492,74.875,99.9
2015,YR2015,Equatorial Guinea,GNQ,9068.91003238645,-9.11004114881537,1.67663085315988,1.88839087566802,9.00761663149669,3.79160484192286,4.774,68.951270615355,60.635,66.1
2015,YR2015,Gabon,GAB,7047.12654634355,3.8788993950789,-0.338795188753406,4.31162904410146,0.289976985604188,3.11465625322556,3.921,88.085308383892,66.336,87.3
2016,YR2016,Angola,AGO,2082.37343594705,-0.233076954805284,30.6944150806719,14.4558424371022,-0.295404758867636,3.57644143982026,5.686,64.2992302517989,61.619,41.8
2016,YR2016,Algeria,DZA,4424.98529027556,3.90000000017621,6.39769480268757,11.0683130545794,0.906300705997455,2.05569111181654,3.091,70.7353778263851,75.31,99.4
2016,YR2016,Benin,BEN,1010.5338961993,3.33967342629693,-0.793310145785624,27.7536354980493,1.11488130998834,2.92460216679542,5.254,46.6094559006664,59.283,37
2016,YR2016,Burkina Faso,BFA,663.742364842886,5.95797670754024,0.441041448058809,21.7147178290213,3.04380349897538,2.92508251378454,5.331,25.821510372001,59.173,16.6
2016,YR2016,Cabo Verde,CPV,3608.96605234906,4.28071482662371,-1.40781637091706,6.31352277353712,6.82845117866997,0.0312210963482392,1.966,68.0354078358316,74.35,87.5
2016,YR2016,Cameroon,CMR,1441.7201725688,4.53579423678801,0.874190383288856,17.1926623891151,1.96334943457327,2.98933225067819,4.842,52.9815033836792,60.293,59.8
2016,YR2016,Central African Republic,CAF,387.176203444318,4.75031684122342,4.94543276106518,31.9189914897237,0.397590019652539,1.80553237158984,6.126,40.3808711749566,50.999,13.4
2016,YR2016,Chad,TCD,861.831767630746,-4.12250332637034,-0.792440525236102,39.3716151096934,1.87837153237555,3.13868697646131,6.623,23.1119734707179,51.603,9.2
2016,YR2016,"Congo, Dem. Rep.",COD,459.765036590388,0.393832798154563,2.88585107289988,12.2895509013421,2.41546438746157,3.54100823238224,6.392,41.7290483782911,59.081,17.3
2016,YR2016,Djibouti,DJI,2510.4300076241,7.1234323372872,2.4025290543489,0.99558771996226,6.1420623506391,1.68519891610854,2.969,71.1492236341041,63.335,59.8
2016,YR2016,Eswatini,SWZ,3238.17611961364,2.94916821059911,7.8472745908568,5.37686940648276,0.721382841978235,0.584038792817515,3.068,23.5278881746356,56.228,63.4
2016,YR2016,Eritrea,ERI,..,..,..,..,..,0.614809318134095,4.164,35.5254287719727,66.242,46.9
2016,YR2016,Ghana,GHA,1912.47991339951,3.37346574966936,17.4546347070868,20.8442929192419,6.20782671803196,2.27621203911157,3.873,54.167052758274,63.522,79.3
2016,YR2016,Kenya,KEN,1554.12610314423,4.21351706814744,6.29724953814625,20.0345164328349,0.627591266355583,2.20775684612709,3.689,31.6502520105647,62.526,53.1
2016,YR2016,Liberia,LBR,714.613063145659,-1.5549586174878,8.83424868336488,35.9187135102446,9.1719033259717,2.04312155500225,4.461,51.2687310234384,60.483,17.7
2016,YR2016,Morocco,MAR,3140.85546875,0.52118550608968,1.63531114327064,10.3219651103177,1.93000540251056,1.19450726277516,2.396,60.9657656537179,73.228,97.8
2016,YR2016,Niger,NER,499.910520068193,4.28137558478143,1.65388922387806,37.2079514113705,2.91395161360138,3.67426137513091,7.043,16.3898280543236,59.228,17
2016,YR2016,Rwanda,RWA,721.258515833094,5.65874584202778,7.17434301982009,24.2954788777688,3.25408209196111,2.36997866838859,4.106,19.1213951786548,65.733,29.4
2016,YR2016,Sierra Leone,SLE,844.416411175476,6.43743652764257,10.8860609413903,32.5776913387757,2.27663664378768,2.35457342669593,4.466,41.229411538771,56.937,20.3
2016,YR2016,South Sudan,SSD,..,..,379.999585624026,..,..,-2.52965683465808,4.579,19.0769476614377,36.72,5.3
2016,YR2016,Tanzania,TZA,953.0107421875,6.86711619644551,5.17476629301493,27.4441425717754,1.73591210997565,3.40729531415315,5.006,31.7577303242916,64.404,32.8
2016,YR2016,Zambia,ZMB,1239.08527877713,3.75510031678988,17.8697300795268,6.22847198956029,3.16251974813899,3.09409054089327,4.669,42.3442476889162,61.129,35.4
2016,YR2016,Zimbabwe,ZWE,1408.13945253431,0.75579405855224,-1.54366960054161,7.87358488271703,1.66841598492163,1.38820029316449,3.828,34.0799460726314,59.76,42.5
2016,YR2016,Uganda,UGA,752.696571725656,4.78100029254482,5.70637504616212,22.6603227869887,2.1425304891559,3.32192491389275,5.112,25.6953567134098,64.494,26.7
2016,YR2016,Togo,TGO,843.114204338675,4.21490387414525,1.28544847051417,20.385078914717,-0.76275824996834,1.81308919594096,4.633942,40.1485878279739,59.677,46.8
2016,YR2016,Sudan,SDN,1033.21594238281,3.46764218409288,17.750253831196,31.6000000015638,2.49532759301928,3.04008474256183,4.829,34.1881958841213,64.677,50.5
2016,YR2016,South Africa,ZAF,5651.20585165749,0.664552307858116,6.60290842394872,2.41418607394576,0.684612553455795,0.940521897823675,2.261,63.2750973439347,64.749,83.9
2016,YR2016,Seychelles,SYC,16566.9946042294,12.1175272453913,-1.01548191697626,1.9149122831203,4.35742188671966,1.33763477950025,2.33,43.2815632531296,74.309756097561,100
2016,YR2016,Senegal,SEN,1266.43957151587,6.35606857208136,0.837284942557434,14.4140203888971,2.48110320660753,2.97843134010735,4.648,47.0553579909929,66.724,64.5
2016,YR2016,Sao Tome and Principe,STP,1434.87018050521,5.17682468684113,5.43051966119156,13.0514022257346,7.98279155418215,1.6823011731644,4.203,67.5218887329102,66.563,69.4
2016,YR2016,Nigeria,NGA,2070.4127339595,-1.61686894903467,15.6968126387972,20.9831097083173,0.853395742751916,2.47183239057048,5.343,56.541038793347,52.189,59.3
2016,YR2016,Namibia,NAM,4395.68776162376,0.0337944502063294,6.72858234593338,6.72011763526388,3.34570437311555,2.69727890929136,3.574,46.1751725648784,60.81,49.7
2016,YR2016,Mozambique,MOZ,441.489734819071,4.69699024225795,17.4180418197597,23.6272810887625,25.9187724637849,2.93066434696089,5.188,32.3819234395234,59.455,26.2
2016,YR2016,Mauritius,MUS,10095.1225574156,3.88576121076034,0.977675134718965,3.05756982303852,2.96891288123063,0.0687082325715694,1.41,39.5578893260494,74.3948780487805,99.7
2016,YR2016,Mali,MLI,872.468587171653,6.00506308559498,-1.79964707083386,30.9987192702461,2.129006916198,3.16701291267986,6.319,26.4468586077195,58.286,38.8
2016,YR2016,Madagascar,MDG,453.970714522463,3.99314606199499,6.03575858154679,25.1334543599723,4.56460803171494,2.61335935661539,4.285,29.4239466316878,63.431,22.9
2016,YR2016,Libya,LBY,7525.80299308216,-1.4909411172622,25.853874212446,4.61177989572916,..,1.52399514586306,2.673,87.8160056703177,71.799,72.2
2016,YR2016,Lesotho,LSO,992.491840678465,3.60890731687714,6.59650490696543,4.92411763358152,3.74733138412509,1.21894302061673,3.18,35.5077950709441,52.908,35.1
2016,YR2016,Guinea,GIN,711.996509782316,10.82062719659,8.17268112275132,17.5899474364211,18.8280094343567,2.56690869267138,4.915,35.3100280761719,58.49,33.5
2016,YR2016,"Gambia, The",GMB,650.056501323611,1.94335965478776,7.22879272057922,21.8613793599274,4.70370236790454,2.62819405087404,4.809,59.8652472486563,63.386,56.4
2016,YR2016,Ethiopia,ETH,641.651523286233,9.43348265981905,6.62813337230924,34.6969564523634,6.0502150951561,2.70788250761242,4.473,19.8763618469238,64.162,42.9
2016,YR2016,"Egypt, Arab Rep.",EGY,3270.6287768197,4.34664345601914,13.813606214829,11.769316084742,2.43856278142762,2.03468294927084,3.35,42.5210717266225,70.437,100
2016,YR2016,Cote d'Ivoire,CIV,1862.59597081287,7.17275963956332,0.723178457513308,17.4349684074971,1.19375800859004,2.90076810314127,4.873,49.929991034032,58.814,64.3
2016,YR2016,"Congo, Rep.",COG,2093.10728558843,-8.68524343913786,3.19056179723773,6.76365035154121,0.46296936341342,2.42169941927317,4.546,63.2515316469123,63.911,45.3
2016,YR2016,Comoros,COM,1365.48403444497,3.3204465548877,0.797517430888487,31.3684720287721,0.352458395658835,2.05111578193354,4.348,30.7305018169792,64.792,76.4
2016,YR2016,Burundi,BDI,232.937812100153,3.20017470408993,5.55768961400965,35.5553158342758,0.00210472726474441,1.72186004024144,5.587,15.6180905635494,60.789,8.5
2016,YR2016,Botswana,BWA,6749.05994339013,7.20442475914267,2.81495791361944,1.97588757367029,0.944944816734731,1.41970172619868,2.99,65.6949296854899,64.32,64.2
2016,YR2016,Guinea-Bissau,GNB,679.665386626818,5.4326782650304,1.50312055861088,36.3487649050334,1.92748272635559,2.51155296505032,4.519,42.586109161377,60.619,22.9
2016,YR2016,Malawi,MWI,450.506105510719,2.49999999914311,21.7111132136499,22.1929077690151,1.46272973143861,2.72595787740448,4.216,15.899632938282,63.163,11
2016,YR2016,Mauritania,MRT,1568.00551190332,1.26090922448303,1.47171045650004,21.7392133521855,4.23125852970927,2.99795842489143,5.157,52.9185627319946,66.823,41.2
2016,YR2016,"Somalia, Fed. Rep.",SOM,460.928490585175,7.03487260042162,..,..,4.9896102178043,3.8489103342184,6.878,45.942842729174,55.283,51.1
2016,YR2016,Tunisia,TUN,3847.80354448809,1.117231963992,3.62939937384381,8.52541115305462,1.40344558640993,1.10253911569433,2.275,68.0623356528248,75.007,100
2016,YR2016,Equatorial Guinea,GNQ,7453.19797948517,-8.81641723219757,1.41193915479015,2.33223920932761,15.6154447046738,3.66421838047825,4.686,69.253269853051,61.081,66.2
2016,YR2016,Gabon,GAB,6677.07003901644,2.09144220829562,2.10670712784054,4.97313690987068,8.86815381799839,2.86485541015556,3.921,88.5445883406178,66.583,88.1
2017,YR2017,Angola,AGO,2832.14997950512,-0.164688656961076,29.8444799015679,14.709941688499,-8.6387131616293,3.54061221486272,5.6,65.0850525086068,62.122,42.9
2017,YR2017,Algeria,DZA,4554.66753957828,1.49999999895587,5.59111590961664,11.0318809304784,0.647902696344894,2.03200060784518,3.09,71.3227912436551,75.431,99.5
2017,YR2017,Benin,BEN,1054.97408066814,5.67156195150444,0.0432648555103608,28.4890165273264,1.58170495191393,2.88117869411855,5.155,47.2942774880391,59.528,34.5
2017,YR2017,Burkina Faso,BFA,709.091535894695,6.20348941121868,1.48299897161326,20.5855872188282,0.0182370342122821,2.85291595529266,5.17,25.9769918665632,59.578,17
2017,YR2017,Cabo Verde,CPV,3893.09571382506,4.5513148102974,0.784415251101334,5.37533502619645,5.59469673480566,0.0661175101881539,1.93,69.1999988159713,74.71,88.6
2017,YR2017,Cameroon,CMR,1496.08951771242,3.54117654926007,0.64040914988195,16.6929418227731,2.25620975874553,2.83499798189177,4.804,53.3115142121504,60.817,60.9
2017,YR2017,Central African Republic,CAF,432.324025684263,4.52727821346231,4.18072331871267,32.7901712257048,0.332412482969051,1.67978155291511,6.127,40.8151443386334,45.231,14.1
2017,YR2017,Chad,TCD,854.46120040098,-1.61746922820204,-1.5370996298084,38.4300853118306,2.72215531343515,3.30639583736028,6.537,23.461349471105,51.875,10.9
2017,YR2017,"Congo, Dem. Rep.",COD,431.052559128788,4.24121047272719,..,12.2591059827241,2.79181852942997,3.65684620577994,6.349,42.1127579403217,59.495,18
2017,YR2017,Djibouti,DJI,2618.95521147369,5.458091517212,0.577285724560661,1.29424095183589,5.97013597143086,1.64286125399062,2.916,71.318261933957,63.71,60.2
2017,YR2017,Eswatini,SWZ,3853.09956569679,3.52095345987983,6.22137528933118,8.11477800092546,-1.2917821060433,0.752960394981198,3.018,23.8052004963161,57.574,73.5
2017,YR2017,Eritrea,ERI,..,..,..,..,..,0.817496698225399,4.112,35.4427146911621,66.612,48
2017,YR2017,Ghana,GHA,2012.28662641265,8.12889488100956,12.3719215507048,19.5617099184239,5.39035841681501,2.19535792776401,3.715,54.6991419779128,63.829,79
2017,YR2017,Kenya,KEN,1667.48447230835,3.83795817364721,8.00564967709945,20.8936374065292,1.64083690398642,2.17412854990493,3.609,31.5383650847102,62.725,55.8
2017,YR2017,Liberia,LBR,699.269095727404,2.45515592012239,12.4196323907138,35.9426159185731,7.30948578439651,1.94324776688719,4.396,51.7957569553849,60.777,24.2
2017,YR2017,Morocco,MAR,3296.52661132813,5.05789816173446,0.754663249323619,11.1602887992375,2.26092196120538,1.20034336418867,2.375,61.2761057031842,73.608,100
2017,YR2017,Niger,NER,529.929418934868,5.53198531271451,2.79637318871284,38.2607137093769,2.98179907216042,3.56007044831691,6.874,16.5036987906896,59.524,17.6
2017,YR2017,Rwanda,RWA,751.049039527547,4.70393439751061,8.27953672260832,25.6342490728521,2.99013161776386,2.34556709244995,4.084,20.2477568101111,66.14,34.1
2017,YR2017,Sierra Leone,SLE,779.186007841728,3.20786087715987,18.2215094003386,33.3320506947837,7.19540249608134,2.38578952940087,4.389,41.7106682105058,57.761,23.4
2017,YR2017,South Sudan,SSD,..,..,187.851630279442,..,..,-5.41590990485178,4.483,19.3489927232944,35.351,4.2
2017,YR2017,Tanzania,TZA,986.674011230469,6.72726996832438,5.31871605228931,28.7534809528128,1.76011643802415,3.3414302210835,4.988,32.2987013317296,64.963,32.1
2017,YR2017,Zambia,ZMB,1483.46577328065,3.52586277149926,6.57731154205644,4.0242711937365,4.28050117059574,3.06754137743233,4.567,42.7295979877011,61.564,40.3
2017,YR2017,Zimbabwe,ZWE,3445.44941020134,4.73441117758482,0.893962316050027,7.24788152959223,0.601908067055593,1.44285382068925,3.768,34.7014953017273,60.263,44
2017,YR2017,Uganda,UGA,765.218332297361,3.13140551723596,5.20971705914209,23.4588353827426,2.61088918011351,3.49059590870242,4.987,26.4139260579546,65.174,32.4
2017,YR2017,Togo,TGO,872.076408845752,4.00791259566937,-0.981889868943119,20.3155597844213,1.38645400988561,1.70055326010166,4.576231,40.5809463430719,60.145,48
2017,YR2017,Sudan,SDN,966.505676269531,0.70925628476644,32.3516260968437,31.7999999982698,2.58043876395005,3.46430091592296,4.761,34.2872225663509,65.146,53
2017,YR2017,South Africa,ZAF,6618.33508255701,1.15794695181735,5.18618655524149,2.49379863849766,0.539673956759456,0.653837462693277,2.283,63.3311078299936,65.422,84.4
2017,YR2017,Seychelles,SYC,17480.3651911372,6.95416218794271,2.85679575568437,2.13180786598013,11.7771697387857,1.22403375818123,2.34,43.4968644410824,74.3,100
2017,YR2017,Senegal,SEN,1354.77007193387,7.40748618589598,1.31815314847789,15.0045395764691,2.80606270309874,2.88769908740551,4.489,47.9338349639053,67.059,61.7
2017,YR2017,Sao Tome and Principe,STP,1555.79477812888,4.11297966281954,5.6902961992902,12.7475187137291,10.6236604862763,1.59795344333085,4.069,67.6520004272461,67.074,74.3
2017,YR2017,Nigeria,NGA,1876.34027111773,0.805886619091581,16.5022662139641,20.8465714300542,0.642182922336257,2.43170936923065,5.182,57.3486345560101,52.397,54.4
2017,YR2017,Namibia,NAM,5143.96072323076,-1.02724808856709,6.14579981111164,7.67615608936274,2.17505730200543,2.73527353433315,3.511,46.8135799686288,61.661,52.5
2017,YR2017,Mozambique,MOZ,470.93856305196,2.63820737310658,15.1132073899384,26.0749604736416,17.4831119319856,2.98845927899068,5.128,32.6274411492675,60.148,24.3
2017,YR2017,Mauritius,MUS,10986.7034093005,3.95441730960265,3.66699702675925,2.95521989373646,3.45396863043017,0.0901672663767558,1.46,39.4499348663789,74.5146341463415,99.6
2017,YR2017,Mali,MLI,924.057531692284,5.37554769647939,1.75985742927165,31.4007766435761,3.0627942747803,3.18823649379751,6.251,27.0646702892896,58.562,34.8
2017,YR2017,Madagascar,MDG,491.866848718929,3.93330759462793,8.60905075422949,24.5501377693098,3.52797151000056,2.60345495087599,4.259,29.671033028335,63.433,24.1
2017,YR2017,Libya,LBY,9965.83236729757,32.4918021862688,25.8036184788337,3.87477645520451,..,1.59519992425695,2.626,87.8166729870528,72.721,70.6
2017,YR2017,Lesotho,LSO,1069.36673247542,-3.13817493733471,4.447699373763,4.9636238571378,1.82806623182623,1.24492806980041,3.105,36.5283648068846,53.874,33.7
2017,YR2017,Guinea,GIN,833.598621691121,10.3000053427355,8.91435947913097,20.5284733113745,5.59427174638354,2.55652318226129,4.793,35.5827331542969,58.715,35.4
2017,YR2017,"Gambia, The",GMB,642.522641296331,4.8226112492757,8.03418974545911,21.0018946913892,4.27524164277035,2.52588138504562,4.614,60.471712657237,63.708,56.2
2017,YR2017,Ethiopia,ETH,696.348429076216,9.56418965754014,10.6871150284238,33.7792813400479,5.26039764214773,2.72524097063889,4.401,20.3084850311279,64.766,44.3
2017,YR2017,"Egypt, Arab Rep.",EGY,2395.10333299491,4.18122099961562,29.5066083940039,10.9863806449848,2.98301550917695,1.99817843887244,3.31,42.4486008687179,70.709,100
2017,YR2017,Cote d'Ivoire,CIV,1964.29930338343,7.41076242592504,0.685881065304603,16.9409871496938,1.85673486381973,2.82237176165589,4.757,50.3977309654344,59.315,65.6
2017,YR2017,"Congo, Rep.",COG,2211.63309874797,-5.59477371915547,0.450063823285546,7.30993971951451,37.3227748739474,2.43024073423953,4.496,63.3544545340423,64.203,46.2
2017,YR2017,Comoros,COM,1423.9248027797,3.81576287489548,-0.237362224154613,31.8988868689753,0.363776536091142,1.99257798738542,4.278,31.0996559689293,65.127,78.7
2017,YR2017,Burundi,BDI,246.060725714184,3.83185757061784,16.0525353030392,37.4034350043265,2.30701019619549,2.35048627086438,5.481,16.6241273909209,61.345,9.3
2017,YR2017,Botswana,BWA,7104.96401088027,4.11437856445083,3.30828076768219,1.8419939490754,1.61796092921322,1.42047647332447,2.969,65.9456435684731,65.42,67.4
2017,YR2017,Guinea-Bissau,GNB,783.123186602022,4.66367943913264,1.69111461822298,36.3584920912937,1.06744396733032,2.4363257519627,4.347,43.0155792236328,61.148,26
2017,YR2017,Malawi,MWI,495.769683367165,4.00000000089172,11.5433939188771,22.9262319821323,1.0085487596618,2.70808949087835,4.113,15.9634281867266,63.914,12.7
2017,YR2017,Mauritania,MRT,1617.93401542267,6.27054569386574,2.25427651934813,22.7188300742502,8.6344151052245,2.98778789331469,5.106,54.1970448502004,67.088,42.9
2017,YR2017,"Somalia, Fed. Rep.",SOM,510.939952317726,14.7357956045195,..,..,4.84156553446397,3.88144974373944,6.766,48.3639630032265,52.19,52.1
2017,YR2017,Tunisia,TUN,3619.03247319953,2.25261437620587,5.30884839565844,8.986045690927,1.9233125677007,1.05116025482594,2.205,68.2877807617188,75.177,100
2017,YR2017,Equatorial Guinea,GNQ,7809.10465655488,-5.66750850486686,0.74435474661241,2.31546339686272,3.1541343035206,3.53129362583944,4.599,69.5516019132985,61.481,66.4
2017,YR2017,Gabon,GAB,6921.73373135624,0.472642030911146,2.65192583143902,5.2657648440765,8.80157025688894,2.65889572463952,3.913,89.0009733256896,66.816,86.3
2018,YR2018,Angola,AGO,2891.83032378747,-0.506697543616156,19.6289379701521,13.1933917283997,-7.13330828809519,3.45323300897802,5.519,65.8732136723372,62.622,45.3
2018,YR2018,Algeria,DZA,4577.21029180491,1.40000000088281,4.26999020467084,11.2438301354995,0.753576088552125,1.93780623340147,3.019,71.905249845153,75.555,99.6
2018,YR2018,Benin,BEN,1151.7409703472,6.69725362180888,0.919170717886054,28.0647739127077,1.36073573251591,2.8136418840483,5.031,47.9952829275963,59.71,39
2018,YR2018,Burkina Faso,BFA,777.465618514048,6.60456906812341,1.95594302672532,20.9974732840091,1.68919942943091,2.69713675384815,4.921,26.0832202154822,59.972,14.4
2018,YR2018,Cabo Verde,CPV,4294.96510035729,3.70696458310842,1.25699566690509,4.52276867410321,4.69595735976167,0.101723857752759,1.804,70.3970748844677,74.84,90.2
2018,YR2018,Cameroon,CMR,1610.69641591017,3.95551423892049,1.0688581131292,16.4988006978593,1.91485781286221,2.77030987519388,4.74,53.6339873660653,61.189,62.2
2018,YR2018,Central African Republic,CAF,455.243962859534,3.78944359275462,1.61215686991555,31.2413315121572,0.810612744001372,1.76068487647458,6.108,41.2824666248606,52.297,14.6
2018,YR2018,Chad,TCD,948.656629871231,5.74111580758154,4.27462198610545,37.6181441617191,3.00704966736056,3.35956028710956,6.464,23.8486084924975,52.447,10.1
2018,YR2018,"Congo, Dem. Rep.",COD,518.169626875371,6.07168870646615,..,12.3021936655493,3.01664160584951,3.34726508426912,6.302,42.4946599159958,59.926,18.7
2018,YR2018,Djibouti,DJI,2718.08338799203,4.77433934943193,0.138836400011405,1.41671102035767,5.83497725047345,1.60259372935612,2.858,71.5153442785902,64.105,62.4
2018,YR2018,Eswatini,SWZ,3972.65450620357,0.0653956557843571,4.81506167461513,7.38537092360196,0.670381040235302,0.922518621738631,2.971,24.0579295404227,58.707,74
2018,YR2018,Eritrea,ERI,..,..,..,..,..,1.33731409848117,4.056,35.3451042175293,66.979,49.1
2018,YR2018,Ghana,GHA,2195.32166016377,6.20007768127284,7.80876516610703,18.1365503192521,4.4440435772374,2.07517136640112,3.65,55.218477566593,64.138,80.4
2018,YR2018,Kenya,KEN,1836.45275528993,5.64794640709219,4.6898064677633,20.314910419968,0.832686217791619,2.03083744189606,3.536,31.3940041639796,62.825,61.2
2018,YR2018,Liberia,LBR,692.203127129794,1.15757512207355,23.5635148953742,35.4966999096751,3.77268493884788,1.95645231379837,4.336,52.3245795497906,60.999,22.8
2018,YR2018,Morocco,MAR,3501.69799804688,3.06564133025955,1.80391671141896,11.3055402401365,2.78337936840164,1.1036421008163,2.354,61.5695822753314,73.946,98.1
2018,YR2018,Niger,NER,576.927536415462,6.89458420864513,2.96760366004456,37.6792191632916,3.64069699983094,3.45088050525461,6.706,16.6449011799221,59.765,17.6
2018,YR2018,Rwanda,RWA,772.754982959354,8.07084254621641,-0.311210160390699,23.2642496908276,3.79467565710856,2.31630729613291,4.047,21.5418444579064,66.354,38
2018,YR2018,Sierra Leone,SLE,845.914540460932,2.8938564123677,16.0295447693699,34.9852345791337,2.90502880166707,2.34731039123252,4.294,42.2011025267803,59.059,26.1
2018,YR2018,South Sudan,SSD,..,..,83.5015294922,..,..,-1.33625896422837,4.37,19.6254143932663,51.905,6.3
2018,YR2018,Tanzania,TZA,1023.10626220703,5.50267599384966,3.49445848856181,27.868599477377,1.70440979499363,3.15572113764533,4.932,32.8287423010834,65.488,34.9
2018,YR2018,Zambia,ZMB,1463.89997855593,4.03449389667165,7.4945719272852,3.34112399209449,1.55231886738395,3.0060186177754,4.492,43.1114735233156,62.138,40.2
2018,YR2018,Zimbabwe,ZWE,2270.89531874302,5.00992154297603,10.6188658669575,7.31920056282215,1.21217684971106,1.48741637841697,3.744,35.4085538807905,60.906,45.4
2018,YR2018,Uganda,UGA,792.16570022814,6.30392378262997,2.61601190952274,23.2502935412734,3.20512810607337,3.39741097582772,4.867,27.1280475018884,65.775,41.9
2018,YR2018,Togo,TGO,942.480774393154,4.79518333086139,0.927755426457183,19.6494784155019,-2.57457902571647,1.81055738571426,4.513072,41.013328267781,60.608,50
2018,YR2018,Sudan,SDN,731.027465820313,-2.6809305497999,63.2925073455888,21.999999999848,3.51269523880448,3.48828675547566,4.681,34.382054222005,65.501,55.3
2018,YR2018,South Africa,ZAF,6914.1780318076,1.55678384721676,4.50987264867388,2.2607038266992,1.3742911715346,1.68236992028419,2.27,63.3771545246841,65.726,84.7
2018,YR2018,Seychelles,SYC,18440.2340460932,4.93947272254312,3.70291839111568,2.0783484846252,17.1030662941746,0.954291917891324,2.34,43.7386669014459,72.8414634146341,100
2018,YR2018,Senegal,SEN,1452.55612562445,6.20924103388887,0.460985642464188,14.9875195578847,3.6676580901097,2.8004569855314,4.294,48.9001692274485,67.379,66
2018,YR2018,Sao Tome and Principe,STP,1825.59971753966,4.37812808264972,7.86859628873909,11.8181222110283,6.17598418618007,1.54237554431048,3.977,67.7828826904297,67.602,71
2018,YR2018,Nigeria,NGA,2057.87944554011,1.92275734199798,12.0951065173432,21.203773720121,0.183821495682229,2.31217263003389,5.021,58.1553347527729,52.669,56.5
2018,YR2018,Namibia,NAM,5308.60813408705,1.05993949860752,4.29159105337875,7.76829756756805,1.71299808328534,2.77246337174234,3.462,47.4232814423189,62.579,52.3
2018,YR2018,Mozambique,MOZ,517.507260258101,3.48493202422782,3.91133439990729,25.5425597958909,11.1741431838994,2.98089902972538,5.07,32.9902559073541,60.79,31.1
2018,YR2018,Mauritius,MUS,11818.7480619272,4.11669369456492,3.2160538314457,2.52593212825691,3.078791712383,0.0545354541381391,1.42,39.3474905591359,74.4163414634146,99.8
2018,YR2018,Mali,MLI,996.379292136901,4.86784999935264,0.299546507387843,32.4975413984656,2.29426079238045,3.1254232369578,6.118,27.6999185916288,58.873,50.9
2018,YR2018,Madagascar,MDG,500.45718552916,3.19435651744398,8.59422958870476,23.9733833005861,4.44792798727992,2.60334538024635,4.246,29.9181125346909,63.491,36.5
2018,YR2018,Libya,LBY,11196.5854810844,7.9413678529104,13.1702038536722,3.66012922036917,..,1.62332708641058,2.581,87.818484275334,73.151,67
2018,YR2018,Lesotho,LSO,1170.65569702819,-1.48063315848241,4.7518030162474,4.24977543430507,1.59898721077784,1.22069019410404,3.016,37.569092747415,54.638,47
2018,YR2018,Guinea,GIN,933.273615633705,6.35849192736715,9.82761701259191,22.9400092652548,2.97511256265365,2.54385572881799,4.669,35.8554382324219,59.043,45
2018,YR2018,"Gambia, The",GMB,696.219806960615,7.23489033258579,6.52096823946573,19.8715961801257,4.89653501762191,2.42294300881827,4.42,61.0645869348107,64.034,60.3
2018,YR2018,Ethiopia,ETH,739.702022272086,6.81614778557282,13.8330356586661,31.218806650139,4.03228222144798,2.69675179524869,4.371,20.7838096618652,65.257,44.8
2018,YR2018,"Egypt, Arab Rep.",EGY,2484.70315630508,5.33110861887155,14.4014657807422,10.8302490249025,3.10040077579187,1.89713831833082,3.02,42.4577177449969,70.974,100
2018,YR2018,Cote d'Ivoire,CIV,2130.86619381144,4.84314605889178,0.401297817263547,17.8526014022659,1.05998699614336,2.69696827034562,4.596,50.8718477756395,59.795,67.1
2018,YR2018,"Congo, Rep.",COG,2694.43413191427,-2.30431780125842,1.15277896375523,6.78839255400222,29.2086100198947,2.43884022378671,4.442,63.4434577481975,64.472,47
2018,YR2018,Comoros,COM,1540.71132257526,3.64245114733689,2.15155084413033,33.7201530586489,0.477150092432519,1.95274153616222,4.208,31.4073645195839,65.401,81
2018,YR2018,Burundi,BDI,245.661678332009,5.34224473186408,-2.81469807668465,35.3539025487206,0.228727114717487,3.01898182778662,5.38,17.6820221982475,61.806,9.5
2018,YR2018,Botswana,BWA,7407.95940141786,4.18869237159223,3.23801558947715,2.11731083204729,1.67893386448584,1.41898108514606,2.941,66.1579176461888,66.371,68.3
2018,YR2018,Guinea-Bissau,GNB,808.531613218504,3.76145359637003,0.381324702790992,32.5475708900674,1.32316927565873,2.37405997248475,4.241,43.4449081420898,61.652,28.4
2018,YR2018,Malawi,MWI,533.202567189331,4.35356471619211,12.420178108921,21.632593506951,0.779538295941585,2.67117568591664,4.021,16.0221486554255,64.464,18
2018,YR2018,Mauritania,MRT,1723.37809442655,4.77217363890155,3.06735996058356,23.655966000294,10.3390200831278,2.97356403059489,5.044,55.1305077000081,67.419,43.6
2018,YR2018,"Somalia, Fed. Rep.",SOM,509.497273804534,2.05431507261069,..,..,5.18226851263813,3.52933303532182,6.662,50.9506215336872,54.767,50.7
2018,YR2018,Tunisia,TUN,3628.10366464236,2.60696965356362,7.30759176031652,9.88852551876126,2.32248034984414,0.982378425356264,2.133,68.5485240272509,75.37,99.8
2018,YR2018,Equatorial Guinea,GNQ,8102.47084834031,-6.23654406734575,1.06007410662171,2.25797968820385,-1.10304372116447,3.39945242088076,4.513,69.8396623666175,61.915,66.5
2018,YR2018,Gabon,GAB,7624.2775233771,0.83791658082157,4.74906652083221,5.43595280305822,8.17598940777917,2.53688289832205,3.908,89.4539949981866,67.043,89.6
2019,YR2019,Angola,AGO,2507.86807213642,-1.05523414494337,17.080954143438,12.3210508241048,-5.04777218289971,3.38788422184303,5.442,66.6637823180533,63.051,45.6
2019,YR2019,Algeria,DZA,4468.45341883656,0.899999999219148,1.95176821052892,11.4791798857164,0.713947308015691,1.84041291439333,2.997,72.4824561380175,75.682,99.5
2019,YR2019,Benin,BEN,1130.82135339795,6.86568662848335,0.732849371241066,26.8758016258337,1.51620780888962,2.73538842831436,4.9,48.7125500590248,59.888,40
2019,YR2019,Burkina Faso,BFA,764.853077774946,5.88920497068135,-3.23338933983322,18.2205245524421,1.0164787373679,2.52989803984158,4.681,26.1187254401157,60.184,17.6
2019,YR2019,Cabo Verde,CPV,4380.78117331128,6.94782634051859,1.10666674296063,4.437360866953,5.45788755667341,0.134109462358547,1.698,71.6254285086577,75.449,91.4
2019,YR2019,Cameroon,CMR,1555.22660476477,3.47505998194981,2.45280214062732,16.8022835644401,2.58340602489154,2.78164441246944,4.651,53.9487914119331,61.695,63.2
2019,YR2019,Central African Republic,CAF,449.228467602439,3.09999999999999,2.68537355266787,28.3418324649438,1.1525297989583,1.34469255324203,6.09,41.7800430407332,31.53,14.3
2019,YR2019,Chad,TCD,893.336441643325,5.38282202874814,-0.971939175419401,37.5903652533914,3.80153819394825,3.21991132048391,6.412,24.2731047386633,52.993,8.4
2019,YR2019,"Congo, Dem. Rep.",COD,504.00419142286,0.555384294580819,..,13.1512157041087,2.88391132652101,3.1695285579572,6.253,42.8747090907476,60.242,19.1
2019,YR2019,Djibouti,DJI,2837.16902340932,5.54508081154978,3.31763203299603,1.51935229833123,5.66550441566635,1.55766086478885,2.798,71.7418146554518,64.381,64.7
2019,YR2019,Eswatini,SWZ,3913.14577547336,6.43186888691574,2.59801620311077,7.42401138221192,2.7717218211659,0.931970814127083,2.925,24.3459549517751,59.85,77
2019,YR2019,Eritrea,ERI,..,..,..,..,..,1.47474580694345,3.997,35.2352333068848,67.306,50.3
2019,YR2019,Ghana,GHA,2186.65822682613,6.5077747939152,7.14364003330857,17.323230201462,5.67619931009197,2.00780519953703,3.593,55.7246279109161,64.455,83.5
2019,YR2019,Kenya,KEN,1960.40808854893,5.11415885767801,5.23963795764792,20.8611638110686,0.468168547481475,1.96381549826771,3.433,31.1895566421135,62.939,69.7
2019,YR2019,Liberia,LBR,658.164180770507,-2.46729763532686,26.9662760197878,36.4371513224574,2.61121194879185,1.98225492944197,4.257,52.85526226447,61.232,23.1
2019,YR2019,Morocco,MAR,3508.09765625,2.89097476137077,0.303386036590383,10.8424017370039,1.33479789567415,1.03022315933698,2.342,61.8430450233765,74.245,99.6
2019,YR2019,Niger,NER,541.265819870273,6.07881528959186,-2.48979265070855,36.1554960959216,5.7737467118799,3.36654855482346,6.537,16.813146499685,60.031,18.5
2019,YR2019,Rwanda,RWA,823.355304065304,9.28613387454543,3.34787655037648,21.5583090597452,2.50181125622142,2.28086099658628,3.985,22.9711026997362,66.691,46.6
2019,YR2019,Sierra Leone,SLE,843.71251730417,5.50270937378153,14.8049990906021,34.547180978919,1.86680073560006,2.32146457882717,4.192,42.7018444914441,59.593,22.7
2019,YR2019,South Sudan,SSD,..,..,87.2413641500032,..,..,2.92439531185626,4.26,19.9062299188719,58.129,6.8
2019,YR2019,Tanzania,TZA,1063.32250976563,5.79999999996723,3.46428057999021,26.5943119516018,1.99459353959393,2.98060939385811,4.866,33.3475258518752,66.007,37.7
2019,YR2019,Zambia,ZMB,1258.98619844462,1.44130602603785,9.15031644316296,2.86077493680796,2.3509190433173,2.96162166175699,4.418,43.4897864547552,62.914,43
2019,YR2019,Zimbabwe,ZWE,2184.52155388801,-6.33244976028571,255.304990757856,22.7056524805476,0.748407181444125,1.56353351552455,3.748,36.1837638266364,61.06,46.7
2019,YR2019,Uganda,UGA,822.171150036357,6.43874503276439,2.867588034469,22.9455088065564,3.68569218154174,3.39132142318772,4.744,27.8369781799403,66.354,41.3
2019,YR2019,Togo,TGO,917.718016777619,4.91949260488683,0.674652770077525,19.5287220037284,4.94352054229764,2.14516244090598,4.450408,41.445731197295,61.061,52.5
2019,YR2019,Sudan,SDN,709.975280761719,-2.17825104530091,50.9940515002965,20.19999999954,2.55226968828806,2.93537902352139,4.617,34.4727685824236,65.803,57.6
2019,YR2019,South Africa,ZAF,6533.71121032856,0.25993557687633,4.10285075461156,1.9503211452698,1.31407752293306,1.64957495527878,2.264,63.4127255007908,66.071,85
2019,YR2019,Seychelles,SYC,19141.5118743615,5.5142920737342,1.80709400809982,2.12955445087691,13.7575701960234,0.887925293341637,2.31,44.0049304031754,74.0463414634146,100
2019,YR2019,Senegal,SEN,1431.18128932159,4.6136280976221,1.76011151192939,14.8962721234445,4.55247618583033,2.71760793051867,4.1,49.9443321273477,67.668,70.4
2019,YR2019,Sao Tome and Principe,STP,1935.2931816596,2.01431672129407,7.72024525213248,11.9296548194696,5.85791781434652,1.51332392108067,3.9,67.9129943847656,68.043,75.1
2019,YR2019,Nigeria,NGA,3189.81286496183,2.20842927835211,11.3964223378115,25.7349305728483,0.344961215906745,2.1944019229433,4.861,58.9611186427056,53.009,55.4
2019,YR2019,Namibia,NAM,4731.9210318831,-0.839152163419357,3.72239414422695,7.08397673847435,-1.40710628631611,2.79932223646079,3.404,48.0019807724839,63.546,53.3
2019,YR2019,Mozambique,MOZ,519.09255091362,2.31781394821475,2.80270307928111,24.7697818145637,21.7841914901932,2.9397415898529,5.016,33.4177241517032,61.306,29.7
2019,YR2019,Mauritius,MUS,11568.2533399824,2.86394938684734,0.405655190309553,2.66862745852887,3.03223371830849,0.0322330642925213,1.41,39.2509492806955,74.2358536585366,100
2019,YR2019,Mali,MLI,971.949318638092,4.99999911699705,-1.65826694846365,32.2682205547332,4.19531107984596,3.01814494306617,5.892,28.3520715749509,59.217,47.9
2019,YR2019,Madagascar,MDG,499.818837622534,4.41123212909589,5.61051441492365,22.9562520100657,3.36279830994653,2.60136633480103,4.221,30.3046972370204,63.504,31
2019,YR2019,Libya,LBY,9963.19489084483,-11.1960828853386,-2.16217883470591,2.04201619232517,..,1.47795950725002,2.539,87.8220115209342,72.941,68.5
2019,YR2019,Lesotho,LSO,1082.05706777516,-1.41799383085205,5.18708359197982,4.46380208822172,1.49464849213428,1.17469837087993,2.924,38.6040920446259,55.249,44.6
2019,YR2019,Guinea,GIN,1031.34146480732,5.61691446889876,9.47001039253012,26.4272768142306,0.330286821832839,2.56100451729991,4.576,36.1281547546387,59.379,42.2
2019,YR2019,"Gambia, The",GMB,738.186751987483,6.22205315994859,7.11567625631192,20.0040458725555,3.9194379121789,2.35622071960344,4.33,61.643210849607,64.427,62.1
2019,YR2019,Ethiopia,ETH,793.473247218996,8.36408573111346,15.8096321719344,33.6333246910556,2.77536541538477,2.69123978261516,4.347,21.2486705780029,65.741,48
2019,YR2019,"Egypt, Arab Rep.",EGY,2962.98892023003,5.55209307084222,9.15279959324804,10.6971354538956,2.82732944960686,1.75497438173801,2.87,42.4812027332648,71.213,100
2019,YR2019,Cote d'Ivoire,CIV,2141.76836170115,6.72137167584978,0.790855512053661,15.6880480775561,1.40583048179048,2.61916841176218,4.523,51.3514799771241,60.274,68.6
2019,YR2019,"Congo, Rep.",COG,2488.42466724916,1.12447391976529,2.20607305781525,7.3469917082119,-10.214754646531,2.40634419722279,4.38,63.5176376123385,63.152,47.7
2019,YR2019,Comoros,COM,1519.26386436068,1.76078023564568,3.58213544469211,35.6200979878781,0.359894031144375,1.92385702700328,4.138,31.7287584068243,65.662,83.3
2019,YR2019,Burundi,BDI,234.31061590725,4.45934202358784,-0.686772170797359,34.2483545998177,1.05451097508345,3.28367531420808,5.271,18.786178154187,62.18,9.8
2019,YR2019,Botswana,BWA,7172.08956480028,3.0317733945467,2.77286442863321,2.08342949351655,0.559653498041763,1.42262847077389,2.906,66.3271694845464,67.167,70.1
2019,YR2019,Guinea-Bissau,GNB,811.210004050041,5.32749571119344,0.24660026814783,31.3857385123606,4.48928839147048,2.34095994762157,4.153,43.8745574951172,62.161,30.9
2019,YR2019,Malawi,MWI,580.889139762475,5.71682519194337,9.3708360560567,22.9473991790142,0.499715595789277,2.65059567621331,3.952,16.1383746619001,64.995,11.2
2019,YR2019,Mauritania,MRT,1767.072710621,3.14100489264639,2.30009262117937,19.957882454072,-11.1917343784634,2.95347297852629,4.984,56.0596215779146,67.64,44.9
2019,YR2019,"Somalia, Fed. Rep.",SOM,539.954816211694,2.80033312513012,..,..,5.16404805914972,3.67525774477084,6.56,51.6421170703225,57.249,49.2
2019,YR2019,Tunisia,TUN,3528.87213306798,1.55009304966742,6.72007532863799,9.76625873287072,1.94487649950903,0.926946081730267,2.1,68.8206382576031,75.599,100
2019,YR2019,Equatorial Guinea,GNQ,6804.14923073888,-5.48182537893445,1.53027528964189,2.43787857420381,7.22811929659373,3.271454421427,4.429,70.1175419547293,62.297,66.6
2019,YR2019,Gabon,GAB,7441.1786472281,3.92080879452831,2.46456756151187,5.5544308701413,9.20409837955739,2.47279132038176,3.884,89.9031850170394,67.337,90.3
2020,YR2020,Angola,AGO,1749.1794838482,-5.27349128300007,22.271539247051,15.1097674669231,-3.18988760374688,3.26795864914978,5.371,67.4568270208187,63.116,47
2020,YR2020,Algeria,DZA,3743.5419522929,-4.99999999908597,2.41513094083414,12.8341693887186,0.693816014772836,1.71191216459393,2.94,73.0541126293395,73.257,99.7
2020,YR2020,Benin,BEN,1200.19426557789,3.84879240030133,3.02272119663759,27.1091750361118,1.10934414138144,2.66259875153288,4.795,49.4461567219896,60.154,41
2020,YR2020,Burkina Faso,BFA,825.237038782475,2.01077262406221,1.88470066518847,17.9151635677562,-0.557279533533573,2.43522959287393,4.44,26.3578373628627,60.454,18.5
2020,YR2020,Cabo Verde,CPV,3539.22661248299,-20.8052758990735,0.605795808395385,6.19132745485182,3.71218491455203,0.11178257414313,1.591,72.8838521558784,73.818,93.7
2020,YR2020,Cameroon,CMR,1555.60370660749,0.259932915907115,2.43760882182236,17.4968650540914,1.65595614712353,2.7244863481235,4.557,54.2557949164174,61.674,64.3
2020,YR2020,Central African Republic,CAF,462.879071294011,0.899999996857062,1.71015659523153,29.4959372264099,0.0746698927110639,1.64324789708014,6.059,42.3050785933463,50.596,15.4
2020,YR2020,Chad,TCD,866.947814890409,-0.393646582380399,4.46414437232861,40.687470063118,3.73465690769548,3.18197036099619,6.346,24.7341921795416,53.082,10.9
2020,YR2020,"Congo, Dem. Rep.",COD,486.425572682256,0.775427992354622,..,13.7461066368954,3.20844071096691,3.22098049233111,6.206,43.2528602500115,60.428,20.1
2020,YR2020,Djibouti,DJI,2844.88810647853,1.2021151728969,1.77900535643955,1.99744473588682,5.03254315668511,1.50228656339009,2.745,71.9990170519895,64.2,64.5
2020,YR2020,Eswatini,SWZ,3466.56936278145,-2.95183453409287,..,7.62881465189563,0.938105324268348,1.0836305772053,2.888,24.6652798922192,59.862,80
2020,YR2020,Eritrea,ERI,..,..,..,..,..,1.56406078076077,3.933,35.116138458252,66.98,51.4
2020,YR2020,Ghana,GHA,2195.45481659987,0.513941670628171,9.88728956269944,18.8537826616486,2.67937438514205,1.99181985149439,3.541,56.2171613974837,64.309,85.4
2020,YR2020,Kenya,KEN,1927.66459027849,-0.272766327438816,5.40516207933392,22.7027261604451,-0.00536845439351621,1.96197633664853,3.364,31.2063494632616,61.596,71.5
2020,YR2020,Liberia,LBR,616.787867006715,-2.98249127649473,16.9557241496255,39.2922850706535,-2.96003538007919,2.07483340649162,4.174,53.3878685572381,61.267,27.6
2020,YR2020,Morocco,MAR,3268.0302734375,-7.17820744246774,0.705968661338261,10.6636401420592,1.16907334587558,1.02565486360782,2.32,62.0933436005366,73.133,100
2020,YR2020,Niger,NER,575.451340306915,4.45481803846413,2.8981937602627,38.8344569845244,2.64247359719538,3.29977391625444,6.369,17.0081420003794,59.89,18.7
2020,YR2020,Rwanda,RWA,802.638686936204,-2.77710485515125,9.85039902274207,24.1891694102271,1.45524928576719,2.24244883430144,3.913,24.5029761132966,66.953,45.2
2020,YR2020,Sierra Leone,SLE,845.277558236182,-1.2533490322766,13.4468711101052,35.1293857770036,0.762524725903042,2.30847202655897,4.08,43.2129659123546,59.694,26.3
2020,YR2020,South Sudan,SSD,..,..,29.6758435538572,..,..,2.60487164966918,4.16,20.1914565476286,57.648,7.3
2020,YR2020,Tanzania,TZA,1117.41528320313,1.99196460647855,3.29029062798325,25.254901665343,1.42845965174632,2.99305168844906,4.801,33.8547246036273,66.771,39.9
2020,YR2020,Zambia,ZMB,951.644316655957,-2.78505506545167,15.7330604721369,2.97263384548847,1.35190577412928,2.9041649369132,4.323,43.8644489410157,63.361,44.6
2020,YR2020,Zimbabwe,ZWE,2059.63704025274,-7.81695060188729,557.201817362051,20.8470510913708,0.470490704047012,1.65935280874134,3.754,37.0097671560802,61.53,52.7
2020,YR2020,Uganda,UGA,845.766463890124,2.95130642218098,3.31332289544502,23.9290337205103,3.16881317773755,3.33341751069644,4.621,28.5399752271502,66.41,42.1
2020,YR2020,Togo,TGO,961.219781201934,2.15900131150536,1.69928463299399,19.1736551821772,-0.79089727996859,2.18244940997049,4.386312,41.8781527268075,61.14,54.1
2020,YR2020,Sudan,SDN,577.795227050781,-3.62980082410752,163.257782355458,20.4,2.65193447042229,2.6882512565735,4.542,34.5594433789246,65.124,59.7
2020,YR2020,South Africa,ZAF,5580.60383075189,-6.1689177146757,3.23238831615113,2.57866122238783,0.933073684352391,1.62216431400652,2.257,63.4373088310982,65.15,90
2020,YR2020,Seychelles,SYC,14041.4754074575,-11.7398608281732,1.20266463987123,1.96124535557297,5.79027015191072,0.853707878128979,2.2,44.2936147152263,77.2365853658537,100
2020,YR2020,Senegal,SEN,1461.08720350553,1.34207377285524,2.54314685681662,16.1487794824433,7.52395708111684,2.63303572524896,4.003,51.0562950093282,67.496,64.3
2020,YR2020,Sao Tome and Principe,STP,2167.22001796925,2.62485949543812,9.81932791540146,14.1470498019151,9.99771582880853,1.87691054092554,3.827,68.0436706542969,67.979,76.8
2020,YR2020,Nigeria,NGA,2797.184580679,-6.36889840468527,13.2460234276598,28.3454204381389,0.398484830423335,2.13029714344341,4.7,59.7659654848781,53.072,55.4
2020,YR2020,Namibia,NAM,3878.58982993966,-8.10140201443319,2.20938236933469,9.15817808891199,-1.41889955275348,2.91019887709682,3.349,48.547381745659,64.071,52.3
2020,YR2020,Mozambique,MOZ,462.433876479921,-1.21952250011192,3.48393567493204,26.8819744087655,22.3944370320025,2.96490034295304,4.959,33.9044006416285,61.39,30.6
2020,YR2020,Mauritius,MUS,9135.84773751062,-14.1974358137792,2.5808007718283,3.09894065143015,1.94246862517576,0.00229068020969373,1.46,39.1607039074325,74.1770731707317,99.5
2020,YR2020,Mali,MLI,953.242943290974,-1.16910834857605,0.438088940320669,32.2899608370191,2.5936673302322,3.01751361469378,5.85,29.0205972994693,58.858,50.6
2020,YR2020,Madagascar,MDG,450.771615205157,-7.13767162064489,4.20179312190557,24.6929443979329,2.74657132350245,2.56778870397591,4.17,30.7019474167548,62.706,32
2020,YR2020,Libya,LBY,6650.33810585348,-29.4552967282824,1.44703656998741,4.326770152924,..,1.3484498033463,2.507,87.8278267096263,72.388,69.4
2020,YR2020,Lesotho,LSO,918.582574704447,-8.15595785459911,4.97809676252309,5.30771204408517,1.36347415769606,1.18432063043163,2.846,39.6329305425532,55.133,47.5
2020,YR2020,Guinea,GIN,1053.66097696415,4.70459096113575,10.6016203387167,26.3032774879888,1.25171292113785,2.55139953603925,4.489,36.4802208060551,59.35,44.7
2020,YR2020,"Gambia, The",GMB,720.335143352133,0.591487287873974,5.93127636562441,21.2440052017636,10.4612755737217,2.3686612920428,4.248,62.2069251698555,64.418,62.2
2020,YR2020,Ethiopia,ETH,829.790982552951,6.05953089248577,20.3563468559061,35.5582700358115,2.4279259279615,2.71077284780816,4.274,21.6260051727295,65.969,51.1
2020,YR2020,"Egypt, Arab Rep.",EGY,3511.11381026379,3.55016483883115,5.04493288977539,11.1668239443487,1.52462948997172,1.62495386951696,2.85,42.5181534630674,69.79,100
2020,YR2020,Cote d'Ivoire,CIV,2179.72934832935,0.699728593494228,2.41252617189053,16.9334154768944,1.13111245703154,2.53019803537112,4.461,51.8357660823651,60.14,69.9
2020,YR2020,"Congo, Rep.",COG,1993.586671931,-6.26777227963225,1.79537147083108,10.6904243097029,-17.2921171034228,2.39477691216791,4.329,63.5760904494257,64.391,48.7
2020,YR2020,Comoros,COM,1527.16991011916,-0.195556841918759,0.786641929499151,35.7974035819198,0.316385474955504,1.96199379762606,4.071,32.0638072194881,65.756,85.6
2020,YR2020,Burundi,BDI,252.702452750006,0.306443811651718,7.32110643415521,31.1053893979777,0.66481142584294,2.9086530249822,5.177,19.9309984273971,62.569,9.1
2020,YR2020,Botswana,BWA,6323.2974967659,-8.72888243996397,1.8903591682421,2.20806905804054,0.212513875084985,1.4394103578493,2.861,66.4488166494554,67.643,71.8
2020,YR2020,Guinea-Bissau,GNB,846.918134967613,2.89149979806913,1.14000939393222,36.6407419590115,1.23102382929433,2.28895000835492,4.075,44.3038330078125,61.343,33.4
2020,YR2020,Malawi,MWI,602.507478176106,0.793596429787286,8.62551469650552,25.0150110062267,2.14268264715469,2.63573735113183,3.877,16.2961471756409,65.216,11.5
2020,YR2020,Mauritania,MRT,1795.72437324423,-0.36065738652286,2.3856948845632,19.1523401706647,11.2330815268832,2.92092559048913,4.912,56.9836701058893,66.794,45.4
2020,YR2020,"Somalia, Fed. Rep.",SOM,518.16113333875,-2.76455696202532,..,..,6.18915159944367,3.79592066888979,6.453,52.286318011754,57.095,49.9
2020,YR2020,Tunisia,TUN,3548.65363663803,-8.97512622934723,5.63415115897625,10.3917002295357,1.46634304906862,0.830022185577052,2,69.1043166438476,75.004,99.9
2020,YR2020,Equatorial Guinea,GNQ,5764.05502912947,-4.79108083383294,4.76669523944228,3.15157383866339,-0.0916985922610923,2.73390823188935,4.346,70.3853314193247,62.141,66.7
2020,YR2020,Gabon,GAB,6605.80346077904,-1.8377610635094,1.35276110675333,6.61619761297697,11.1881442291207,2.38922359813697,3.831,90.3480750410147,67.073,91.1
2021,YR2021,Angola,AGO,2266.96834861584,1.09058369944815,25.7542948841891,16.8317967997029,-5.56323234141154,3.18132259995095,5.304,68.2524163556969,62.958,48.2
2021,YR2021,Algeria,DZA,4160.55926736925,3.79999999900707,7.22606307415477,11.2354345605089,0.466728479682941,1.61936460233826,2.87,73.6199218261573,75.208,99.8
2021,YR2021,Benin,BEN,1318.65158075198,7.1554516457574,1.73353962694036,28.5289506098592,1.95608661099463,2.59230167510348,4.707,50.1961807561354,59.61,42
2021,YR2021,Burkina Faso,BFA,895.535288442991,6.94252492572348,3.65326761825509,17.2902157538449,-0.405926078113797,2.37649218888363,4.361,26.8114307743017,60.046,19
2021,YR2021,Cabo Verde,CPV,3971.44409203423,7.03353010694514,1.86215297494647,5.97147405923183,4.45730498164251,0.38203217521266,1.554,74.1607930892827,74.424,95.5
2021,YR2021,Cameroon,CMR,1672.32657340872,3.33885747179505,2.27185762503637,16.9592035415957,2.14061326900656,2.65496076580698,4.468,54.5548664463635,61.146,65.4
2021,YR2021,Central African Republic,CAF,492.263142830507,0.982919996264229,4.25936417542868,35.7553299980455,0.214980465443776,1.68608971248183,6.052,42.8547782897949,40.279,15.7
2021,YR2021,Chad,TCD,946.358500208374,0.293442648033434,-0.77284437035914,37.4420946884713,4.17913326043699,3.44423869357111,6.255,25.2312246423075,53.136,11.3
2021,YR2021,"Congo, Dem. Rep.",COD,595.743074403567,6.42961005647355,..,11.3157062519,2.84027556004194,3.23790848096045,6.156,43.6290681792218,60.044,20.8
2021,YR2021,Djibouti,DJI,3025.91126413549,4.40715667561153,1.18086783934059,3.00716226184265,4.91482788768696,1.44268944208775,2.699,72.2882954556515,63.83,65.4
2021,YR2021,Eswatini,SWZ,3984.00229174306,4.23621913615419,..,7.17040128400091,2.34790226144325,1.15567266949473,2.841,25.0156180525173,58.228,82.9
2021,YR2021,Eritrea,ERI,..,..,..,..,..,1.77411588481268,3.867,34.9871139526367,66.94,52.5
2021,YR2021,Ghana,GHA,2445.18662529344,5.07646643533542,9.9710886750444,19.6574735227332,3.18633188953992,1.95904584379494,3.492,56.6952556826536,64.286,86.3
2021,YR2021,Kenya,KEN,2061.35622089594,7.59048947333467,6.10793603659176,21.4770750957252,0.382593996518954,1.90040858948898,3.312,31.2879334021971,61.225,76.5
2021,YR2021,Liberia,LBR,667.96610514319,4.98671283481617,7.81559385858648,37.4176168027237,-1.11842850292887,2.11098738475006,4.089,53.9224618859098,61.166,29.8
2021,YR2021,Morocco,MAR,3785.93627929688,8.15473889823681,1.40195883962006,11.9779439009277,1.59422321445366,1.00691847923959,2.288,62.3173276600289,73.385,100
2021,YR2021,Niger,NER,609.585703670137,1.11520063869706,3.8378680284051,38.1399427232346,3.98247849972574,3.25425239869281,6.2,17.2295936666686,59.542,18.6
2021,YR2021,Rwanda,RWA,842.581492947672,8.41140448646523,-0.391346748300791,21.4316327202507,2.07399909664917,2.1909353521865,3.841,26.1049092762833,66.85,48.7
2021,YR2021,Sierra Leone,SLE,885.396401613729,5.8968527047094,11.8739588840234,33.6443431144422,2.98593617782997,2.27463021517533,3.978,43.7345385973699,60.26,27.5
2021,YR2021,South Sudan,SSD,..,..,10.5167158294358,..,..,1.55179411079181,4.047,20.4811115270532,57.047,7.7
2021,YR2021,Tanzania,TZA,1159.85656738281,4.32138429480482,3.69091958802199,24.7884506158783,1.68494347865961,3.00113934816488,4.734,34.3500111758619,66.131,42.7
2021,YR2021,Zambia,ZMB,1127.16077872857,6.23492204726448,22.0207676245777,3.00091831533747,1.78407846118257,2.81534240626742,4.246,44.2353731410926,62.363,46.7
2021,YR2021,Zimbabwe,ZWE,2613.6167414057,8.46801676808001,98.5461050920624,21.4856530160599,0.575182174042167,1.72601114303872,3.765,37.8692058859373,60.135,49
2021,YR2021,Uganda,UGA,882.791717542504,3.53658034070898,2.20457204757414,23.8418038272172,4.06673785760736,3.21773661761443,4.51,29.2362957789022,66.45,45.2
2021,YR2021,Togo,TGO,1076.29520076949,5.13562929064506,4.1862150652352,20.550806619999,-1.59478801736582,1.88405259258743,4.323871,42.3105904515122,61.337,55.7
2021,YR2021,Sudan,SDN,712.122009277344,-1.8685204827207,359.093040778999,20.1999999999641,1.52754029838982,2.6941220236505,4.457,34.6421563427994,64.46,61.8
2021,YR2021,South Africa,ZAF,6828.75624590017,4.85864865060148,4.61874544887136,2.45787199667371,9.68098022663018,1.54055743832642,2.248,63.4503925883909,62.01,89.3
2021,YR2021,Seychelles,SYC,14982.9111487767,0.552281631207279,9.76909936973542,2.44466263831241,7.52808883301193,0.805183391179401,2.38,44.6026796065539,73.3975609756097,100
2021,YR2021,Senegal,SEN,1598.10676952274,6.5440010991951,2.18032278088147,15.5512646222076,9.40426405095026,2.53848919398481,3.936,52.2260292191155,66.868,68
2021,YR2021,Sao Tome and Principe,STP,2362.58827248102,1.89929891337832,8.13777038378732,15.2661766239364,11.250926099997,2.06017354745306,3.759,68.1738967895508,68.026,78.5
2021,YR2021,Nigeria,NGA,2787.48779220991,1.109252540249,16.9528457221608,29.3882780434873,0.543909122159359,2.09618685225463,4.636,60.5698545383604,53.455,59.5
2021,YR2021,Namibia,NAM,4412.8355693052,3.60382919248703,3.61690530108814,9.56300379482636,6.77514897706551,2.95314556354467,3.303,49.0571881483796,60.85,55.2
2021,YR2021,Mozambique,MOZ,509.907829475551,2.37743572761507,6.40847652975692,26.8945913502365,32.7522138534006,2.9577768101764,4.905,34.4499259401554,60.268,31.5
2021,YR2021,Mauritius,MUS,9177.71195973013,3.33809084057279,4.02852888157376,3.2413713398879,2.24180552669211,0.0252729878913446,1.42,39.077147315722,73.680243902439,99.6
2021,YR2021,Mali,MLI,1027.27345365357,3.10094124463507,3.92560283104277,32.0375587266747,2.78245724174957,3.06035796580474,5.779,29.7049638253978,59.116,53.4
2021,YR2021,Madagascar,MDG,483.469463351195,4.65068343174309,5.81225118787715,22.5220913616157,2.49072338064723,2.51537360931706,4.104,31.1137123216036,62.516,35.1
2021,YR2021,Libya,LBY,4935.82787349801,28.2996823429147,2.86833027751015,1.9292341608539,1.71219284038518,1.26619979488109,2.462,87.8365018271835,72.062,70.2
2021,YR2021,Lesotho,LSO,1066.58645143823,2.26670961833291,6.04774591950676,5.95625262808585,-0.512915958026648,1.14804266920884,2.769,40.6551760851997,54.209,50.4
2021,YR2021,Guinea,GIN,1244.96550477914,5.5823328114905,12.5972882566934,27.0715374807562,1.15770496278309,2.50610419423246,4.399,36.8502178436256,59.373,46.8
2021,YR2021,"Gambia, The",GMB,781.890925169531,5.25596878816744,7.37034758876618,23.579267737043,12.5026201279668,2.36774778418782,4.165,62.7550706637859,63.847,63.7
2021,YR2021,Ethiopia,ETH,893.009835441784,5.64153069324176,26.8395221557722,37.5791137563489,3.90520609775086,2.67249538803955,4.177,22.1067085266113,65.33,54.2
2021,YR2021,"Egypt, Arab Rep.",EGY,3827.35415374308,3.29064601193245,5.21404940513043,11.4369326589725,1.20617861055665,1.4908053906311,2.75,42.5686062621468,68.976,100
2021,YR2021,Cote d'Ivoire,CIV,2455.98127641148,7.06253713446816,4.15919657911798,16.1805529630135,1.91282655892028,2.47398737434864,4.411,52.3183461956059,60.29,71.1
2021,YR2021,"Congo, Rep.",COG,2516.16255145432,1.01507036990908,1.7156427545126,9.09674868938002,-2.15982873741865,2.39414288318435,4.28,63.6179125824196,64.192,49.7
2021,YR2021,Comoros,COM,1587.72988658008,2.04245238320844,-0.00441793682346988,35.2409488047407,0.309826819264342,1.97631988078353,3.999,32.4124444313246,65.201,87.9
2021,YR2021,Burundi,BDI,264.172844085398,3.23707479372925,8.40453845076341,33.9937846199417,0.652577753652764,2.72425539520386,5.078,21.1108861865354,62.101,10.2
2021,YR2021,Botswana,BWA,7807.88794570471,11.9162724376008,7.24097765588442,1.78859292903854,-1.70161470195308,1.49130106425067,2.827,66.5182767068255,63.303,73.7
2021,YR2021,Guinea-Bissau,GNB,926.54619187706,5.0173096003907,2.24248879577658,40.05238080001,0.971357397018973,2.23903878745423,3.998,44.7334136962891,61.653,35.8
2021,YR2021,Malawi,MWI,617.446994451007,4.55829212016083,9.33014410835212,25.5328304255348,1.04617739110529,2.59415828794597,3.791,16.4881925800694,64.782,14.2
2021,YR2021,Mauritania,MRT,1947.47413907209,0.7427154981402,3.56516484650185,19.1485811289032,11.6066300912418,2.88703345850902,4.848,57.901535141641,66.762,47.7
2021,YR2021,"Somalia, Fed. Rep.",SOM,549.056994756254,3.44719850031242,..,..,6.33765685964357,3.65720037777736,6.353,52.9060649733324,55.703,49.3
2021,YR2021,Tunisia,TUN,3906.93926319391,4.73603648206102,5.706350208307,10.0900379034943,1.16289301361367,0.620790374510459,1.8,69.3997523770568,72.893,99.9
2021,YR2021,Equatorial Guinea,GNQ,6945.63069794539,0.860269956382069,-0.0971007664640198,2.8263690019315,4.59725955429429,2.43551071649529,4.266,70.6431215020592,62.447,66.8
2021,YR2021,Gabon,GAB,8181.40914134398,1.46795731508091,1.0869074651941,6.76982280995704,7.86436710821205,2.30612435799096,3.776,90.7881967286967,67.072,91.8
2022,YR2022,Angola,AGO,3598.53669077341,3.55749206675667,21.3552901320822,19.4301170178768,-5.14579186855198,3.14302612044601,5.209,69.0506188977513,64.246,48.5
2022,YR2022,Algeria,DZA,4960.30334332888,3.60000000094915,9.26551551551553,10.6470638553472,0.107187812155079,1.58758210690673,2.817,74.1795862354514,76.129,100
2022,YR2022,Benin,BEN,1266.42711031904,6.25294705373625,1.35077863583527,26.8966787968124,2.15770537478617,2.54740926342667,4.634,50.9627000010887,60.475,56.5
2022,YR2022,Burkina Faso,BFA,827.330843486661,1.62673258211919,14.2902354303358,20.6297585441708,3.59640793567206,2.30907147387783,4.275,27.2791369742712,60.7,19.5
2022,YR2022,Cabo Verde,CPV,4323.31362032709,15.843675684642,7.93092925430087,4.95404868851136,5.43014452079405,0.596688345869947,1.533,75.033738060849,75.907,97.1
2022,YR2022,Cameroon,CMR,1604.87726954895,3.7367840056412,6.24767713343861,16.5461644132745,2.08735032157122,2.62905090961273,4.397,54.8458745688318,62.443,71
2022,YR2022,Central African Republic,CAF,467.359825026238,0.453901876447787,5.58316735183247,36.2171100024119,1.00929791484186,-0.275432271573156,6.023,43.2751967457285,18.818,15.7
2022,YR2022,Chad,TCD,966.036468278568,4.12969897668356,5.78802687843616,35.2279823985979,3.44402627536712,3.45668911084691,6.215,25.7635558629694,54.528,11.7
2022,YR2022,"Congo, Dem. Rep.",COD,687.738587554685,9.31116944064918,..,10.3370074738162,2.00131622839817,3.2234019442495,6.106,44.003287663813,60.979,21.5
2022,YR2022,Djibouti,DJI,3133.25779772463,5.16653702854374,5.17222088647606,2.63101792247644,5.24930012962196,1.40352932560807,2.653,72.6109938538856,65.54,65
2022,YR2022,Eswatini,SWZ,3894.1620089869,0.386070835562705,..,7.57116956723157,0.281255609924273,1.01620740015869,2.801,25.396682918542,63.028,82.3
2022,YR2022,Eritrea,ERI,..,..,..,..,..,1.75351368458045,3.786,34.8469276428223,67.789,55.4
2022,YR2022,Ghana,GHA,2229.89122654479,3.80484978178042,31.2558951049016,19.5136382081198,1.93240124333448,1.92029034344132,3.434,57.250609602871,65.246,85.1
2022,YR2022,Kenya,KEN,2109.56288513137,4.85998104287999,7.65986268272224,21.0361920649933,0.691645983068062,1.92297608206469,3.262,31.4307820066946,63.549,76
2022,YR2022,Liberia,LBR,744.617175237387,4.80810517290655,7.59298486560313,36.2030463526172,3.09332516183889,2.14388170425267,4.016,54.4591057083,61.934,31.8
2022,YR2022,Morocco,MAR,3463.1376953125,1.81269242194809,6.65704202759067,9.79618893785634,1.74814323662076,1.00863622672701,2.256,62.5118468550703,75.161,100
2022,YR2022,Niger,NER,613.614736429298,12.2215497467041,4.22621791916392,41.4571749267894,6.21933892730804,3.25170642220024,6.135,17.477207007512,60.398,19.5
2022,YR2022,Rwanda,RWA,1007.05989322914,9.82497394651698,17.6892095588153,21.9285537380026,2.21934152301495,2.19046619232976,3.778,27.7806702737761,67.528,50.6
2022,YR2022,Sierra Leone,SLE,860.371067874555,5.3135546141915,27.2082883814653,33.7568527151259,2.0361950444072,2.22598462352813,3.876,44.2666343543487,61.275,29.4
2022,YR2022,South Sudan,SSD,..,..,-6.68732094212668,..,..,1.42002025455897,3.964,20.7752121046616,57.203,8.4
2022,YR2022,Tanzania,TZA,1207.52062988281,4.56600576430955,4.35027204269101,24.2569694569552,1.89781100350604,2.95046658393064,4.671,34.8234736377147,66.879,45.8
2022,YR2022,Zambia,ZMB,1447.12310138035,5.21122360356247,10.9932039209136,3.09401583407622,-0.223286755156161,2.76365042984169,4.175,44.5988511178469,65.279,47.8
2022,YR2022,Zimbabwe,ZWE,2536.40197087505,6.13926327570213,104.705170628667,17.0612308931471,0.826253561026726,1.7062092862652,3.767,38.7055207169041,62.36,50.1
2022,YR2022,Uganda,UGA,963.067314117178,4.58802192181773,7.1957888597581,24.0117220529553,6.48067616265599,3.00759449042677,4.388,29.9251969709665,67.675,47.1
2022,YR2022,Togo,TGO,1071.61539220759,6.29443692019429,7.96757361617945,21.2198485197121,-2.00429827129667,1.65504210377245,4.253183,42.7332327975627,62.292,57.2
2022,YR2022,Sudan,SDN,1046.24084472656,-0.957816591119183,138.80846024176,26.4,1.11000421594226,2.70189520043666,4.384,34.7209852053086,65.695,63.2
2022,YR2022,South Africa,ZAF,6534.24867783397,2.05813661692193,7.03987272546482,2.60577484985618,2.26670277731613,1.41397227960081,2.227,63.4766699210327,65.454,86.5
2022,YR2022,Seychelles,SYC,16682.6990711785,9.88048366355446,2.6260363285129,2.45808085762332,9.4918981662406,..,2.2,44.9108209981157,74.509756097561,100
2022,YR2022,Senegal,SEN,1574.0281059306,3.85043193752725,9.69681899081073,16.3333231968406,10.5411241953817,2.46764281803509,3.864,53.4435061024348,67.788,67.9
2022,YR2022,Sao Tome and Principe,STP,2389.73729784737,0.168698492216564,18.0056351122841,13.9317577053548,10.2819916432401,1.93819561963228,3.695,68.3720919798341,69.237,78
2022,YR2022,Nigeria,NGA,2899.16047469267,4.31882949157136,18.8471877843274,28.5515522200407,-0.0288727652155146,2.09281687128387,4.552,61.3727650622225,54.079,60.5
2022,YR2022,Namibia,NAM,4349.79908493314,5.3987247803654,6.08128114112413,8.75889366457648,8.40166893779959,2.77600581415178,3.248,49.5291037671807,64.19,56.2
2022,YR2022,Mozambique,MOZ,578.273222184503,4.3693080193804,10.2794018093421,25.6382662600095,16.0036980555879,2.9473431712575,4.84,35.0536638047945,63.011,33.2
2022,YR2022,Mauritius,MUS,10246.5017455553,8.3424438025047,10.7737512242899,3.55513254765837,4.21993412406582,-0.301401216835277,1.33,39.0000125885784,73.5146341463415,100
2022,YR2022,Mali,MLI,976.914116406452,3.70319027585386,9.62147608489064,32.7176729018653,3.17422530916772,3.00942592606239,5.692,30.4015705681899,60.035,53
2022,YR2022,Madagascar,MDG,504.059106969168,4.13753534956307,8.16059031991844,21.608800850098,3.04942783216552,2.48207836172625,4.036,31.5397813465886,63.068,36.1
2022,YR2022,Libya,LBY,5986.63694851258,-8.29981811198795,4.51030149235695,1.68643769937353,1.62326033379453,1.23450447871795,2.402,87.8486088593786,74.462,70
2022,YR2022,Lesotho,LSO,1030.12582947757,2.38778020186284,8.27180389943028,5.95085393730342,-0.332065069453934,1.08048016923391,2.716,41.6703965165322,56.812,50
2022,YR2022,Guinea,GIN,1416.59612011764,3.97240784200721,10.4930409984424,28.3819737139685,3.30630355394451,2.48250409145397,4.303,37.2384967469106,60.432,47.7
2022,YR2022,"Gambia, The",GMB,836.244875868476,5.49299823010114,11.5131198380505,22.8604385781593,10.4995860985808,2.31992109797091,4.078,63.2869880996278,64.859,65.4
2022,YR2022,Ethiopia,ETH,982.103161502198,5.32175988485454,33.8898797100898,37.6422268391462,2.98033315911234,2.62269500936104,4.082,22.7367687225342,66.897,55
2022,YR2022,"Egypt, Arab Rep.",EGY,4233.30783744856,6.58784560870467,13.8956609775178,10.9457535224737,2.39118080969079,1.48609697540294,2.75,42.6325129008032,71.01,100
2022,YR2022,Cote d'Ivoire,CIV,2333.37128301259,6.39988362730921,5.23352856100843,16.5843332097616,2.2547265327193,2.51622934953513,4.349,52.8492549676673,61.562,70.4
2022,YR2022,"Congo, Rep.",COG,2620.83804267402,1.47535613247133,3.04344334698478,8.0419106943363,3.36508336137956,2.39665300284304,4.215,63.6422003342807,65,50.6
2022,YR2022,Comoros,COM,1533.87755393614,2.45381174550259,12.5320314570999,35.1643241181568,0.322667538233799,1.93837687010445,3.935,32.7746035528748,66.481,89.9
2022,YR2022,Burundi,BDI,301.832255755105,2.31770122350822,18.8008786664945,35.331208452642,0.627981649090288,2.70585008916716,4.98,22.3202446002597,62.882,10.3
2022,YR2022,Botswana,BWA,8328.7090572666,5.48601706446772,11.665567478802,1.57978982179367,3.49204705165089,1.58848021878269,2.785,66.5889787170477,68.749,75.9
2022,YR2022,Guinea-Bissau,GNB,881.602654162231,5.45776090019501,9.39075933985203,39.6677212772359,1.16676746385654,2.24235388639993,3.911,45.1627159118652,63.605,37.4
2022,YR2022,Malawi,MWI,604.269740360317,0.921115069005936,20.953969729969,27.5975518762201,1.5988861608404,2.567947782963,3.72,16.7146031979436,66.037,14
2022,YR2022,Mauritania,MRT,1961.28166648869,6.7960049994761,9.52526628622843,21.2302013888594,14.6574727742887,2.92956466448208,4.77,58.8120996197226,68.281,49
2022,YR2022,"Somalia, Fed. Rep.",SOM,573.141165798229,2.71821202053759,..,..,6.23346074683917,3.0251275475745,6.255,53.5010115886789,53.931,48.9
2022,YR2022,Tunisia,TUN,3707.29283414381,2.75228761004381,8.30646124447623,10.8217247722212,1.43159199894021,0.585173208533683,1.847,69.707138648303,76.05,100
2022,YR2022,Equatorial Guinea,GNQ,7589.29964909381,3.22350831658598,4.78671704710803,2.48978303214525,10.1419330984832,2.5130374213272,4.17,70.8910029445467,63.355,67
2022,YR2022,Gabon,GAB,8409.20741452279,3.03761449525692,4.23124798274579,6.50616941615975,5.40389729404727,2.24763901253797,3.712,91.2243355459988,67.713,93.5
,,,,,,,,,,,,,
,,,,,,,,,,,,,
,,,,,,,,,,,,,
Data from database: World Development Indicators,,,,,,,,,,,,,
Last Updated: 07/13/2026,,,,,,,,,,,,,
